Aaron_Peirsol/Aaron_Peirsol_0004.jpg 6 3
Aaron_Sorkin/Aaron_Sorkin_0002.jpg 9 5
Abdel_Nasser_Assidi/Abdel_Nasser_Assidi_0002.jpg 16 11
Abdoulaye_Wade/Abdoulaye_Wade_0001.jpg 17 12
Abdullah/Abdullah_0002.jpg 23 14
Abdullah_al-Attiyah/Abdullah_al-Attiyah_0001.jpg 27 16
Abdullah_Gul/Abdullah_Gul_0014.jpg 43 17
Abdullatif_Sener/Abdullatif_Sener_0001.jpg 50 19
Abel_Pacheco/Abel_Pacheco_0002.jpg 56 23
Abid_Hamid_Mahmud_Al-Tikriti/Abid_Hamid_Mahmud_Al-Tikriti_0003.jpg 61 24
Adam_Sandler/Adam_Sandler_0004.jpg 74 34
Adam_Scott/Adam_Scott_0001.jpg 75 35
Adel_Al-Jubeir/Adel_Al-Jubeir_0003.jpg 80 37
Adolfo_Aguilar_Zinser/Adolfo_Aguilar_Zinser_0001.jpg 82 39
Adolfo_Rodriguez_Saa/Adolfo_Rodriguez_Saa_0002.jpg 86 40
Adrian_McPherson/Adrian_McPherson_0002.jpg 94 47
Adrian_Nastase/Adrian_Nastase_0001.jpg 96 49
Adrien_Brody/Adrien_Brody_0012.jpg 109 50
Ahmad_Masood/Ahmad_Masood_0001.jpg 115 56
Ahmed_Chalabi/Ahmed_Chalabi_0002.jpg 119 58
Ahmet_Necdet_Sezer/Ahmet_Necdet_Sezer_0001.jpg 128 64
Aicha_El_Ouafi/Aicha_El_Ouafi_0002.jpg 131 65
Aitor_Gonzalez/Aitor_Gonzalez_0001.jpg 138 71
Ai_Sugiyama/Ai_Sugiyama_0004.jpg 144 73
Akbar_Hashemi_Rafsanjani/Akbar_Hashemi_Rafsanjani_0002.jpg 151 78
Akhmed_Zakayev/Akhmed_Zakayev_0003.jpg 155 79
Alan_Ball/Alan_Ball_0001.jpg 162 86
Alan_Greenspan/Alan_Greenspan_0002.jpg 167 89
Alan_Mulally/Alan_Mulally_0001.jpg 173 92
Alastair_Campbell/Alastair_Campbell_0002.jpg 180 97
Alberto_Fujimori/Alberto_Fujimori_0001.jpg 188 102
Alberto_Ruiz_Gallardon/Alberto_Ruiz_Gallardon_0002.jpg 192 104
Albert_Costa/Albert_Costa_0004.jpg 198 107
Albrecht_Mentz/Albrecht_Mentz_0001.jpg 203 110
Aldo_Paredes/Aldo_Paredes_0001.jpg 205 111
Alec_Baldwin/Alec_Baldwin_0002.jpg 209 113
Alejandro_Atchugarry/Alejandro_Atchugarry_0001.jpg 212 114
Alejandro_Avila/Alejandro_Avila_0001.jpg 214 115
Alejandro_Toledo/Alejandro_Toledo_0020.jpg 241 121
Aleksander_Kwasniewski/Aleksander_Kwasniewski_0001.jpg 261 122
Alexander_Downer/Alexander_Downer_0002.jpg 270 127
Alexander_Losyukov/Alexander_Losyukov_0004.jpg 276 128
Alexander_Rumyantsev/Alexander_Rumyantsev_0002.jpg 280 131
Alexandra_Stevenson/Alexandra_Stevenson_0003.jpg 287 136
Alexandra_Vodjanikova/Alexandra_Vodjanikova_0001.jpg 288 137
Alex_Barros/Alex_Barros_0001.jpg 298 146
Alex_Penelas/Alex_Penelas_0002.jpg 308 154
Alex_Sink/Alex_Sink_0003.jpg 312 156
Alice_Fisher/Alice_Fisher_0002.jpg 324 167
Alicia_Silverstone/Alicia_Silverstone_0001.jpg 328 171
Alimzhan_Tokhtakhounov/Alimzhan_Tokhtakhounov_0001.jpg 331 173
Alison_Lohman/Alison_Lohman_0001.jpg 337 178
Ali_Abbas/Ali_Abbas_0001.jpg 340 180
Ali_Khamenei/Ali_Khamenei_0003.jpg 350 187
Ali_Naimi/Ali_Naimi_0008.jpg 359 189
Allen_Iverson/Allen_Iverson_0001.jpg 363 193
Allison_Janney/Allison_Janney_0002.jpg 367 195
Allyson_Felix/Allyson_Felix_0002.jpg 370 197
Alvaro_Noboa/Alvaro_Noboa_0003.jpg 380 202
Alvaro_Silva_Calderon/Alvaro_Silva_Calderon_0002.jpg 382 203
Alvaro_Uribe/Alvaro_Uribe_0001.jpg 385 204
Al_Davis/Al_Davis_0002.jpg 425 209
Al_Gore/Al_Gore_0006.jpg 431 210
Al_Pacino/Al_Pacino_0003.jpg 437 212
Al_Sharpton/Al_Sharpton_0007.jpg 444 213
Amanda_Beard/Amanda_Beard_0001.jpg 445 214
Amanda_Bynes/Amanda_Bynes_0001.jpg 447 215
Amanda_Coetzer/Amanda_Coetzer_0001.jpg 451 216
Amber_Tamblyn/Amber_Tamblyn_0001.jpg 456 220
Amelia_Vega/Amelia_Vega_0005.jpg 463 222
Amelie_Mauresmo/Amelie_Mauresmo_0004.jpg 469 223
Amer_al-Saadi/Amer_al-Saadi_0002.jpg 488 224
Amram_Mitzna/Amram_Mitzna_0001.jpg 492 226
Anastasia_Myskina/Anastasia_Myskina_0001.jpg 503 236
Ana_Guevara/Ana_Guevara_0001.jpg 508 239
Ana_Palacio/Ana_Palacio_0006.jpg 521 241
Anders_Ebbeson/Anders_Ebbeson_0003.jpg 529 245
Anders_Fogh_Rasmussen/Anders_Fogh_Rasmussen_0003.jpg 532 246
Andrei_Mikhnevich/Andrei_Mikhnevich_0002.jpg 541 253
Andrew_Bunner/Andrew_Bunner_0001.jpg 547 259
Andrew_Cuomo/Andrew_Cuomo_0001.jpg 550 261
Andrew_Niccol/Andrew_Niccol_0001.jpg 557 267
Andrew_Weissmann/Andrew_Weissmann_0002.jpg 562 270
Andre_Agassi/Andre_Agassi_0002.jpg 566 272
Andy_Hebb/Andy_Hebb_0002.jpg 614 285
Andy_Roddick/Andy_Roddick_0010.jpg 628 290
Angela_Bassett/Angela_Bassett_0003.jpg 642 297
Angela_Lansbury/Angela_Lansbury_0002.jpg 647 298
Angela_Merkel/Angela_Merkel_0005.jpg 653 300
Angelina_Jolie/Angelina_Jolie_0013.jpg 667 302
Angelo_Reyes/Angelo_Reyes_0001.jpg 676 304
Anibal_Ibarra/Anibal_Ibarra_0001.jpg 684 309
Anna_Kournikova/Anna_Kournikova_0005.jpg 698 317
Anna_Nicole_Smith/Anna_Nicole_Smith_0001.jpg 706 318
Anneli_Jaatteenmaki/Anneli_Jaatteenmaki_0002.jpg 709 319
Annette_Bening/Annette_Bening_0001.jpg 710 320
Annette_Lu/Annette_Lu_0001.jpg 712 321
Anne_Krueger/Anne_Krueger_0001.jpg 718 325
Anne_McLellan/Anne_McLellan_0001.jpg 721 326
Ann_Veneman/Ann_Veneman_0010.jpg 741 335
Anthony_Fauci/Anthony_Fauci_0002.jpg 748 340
Anthony_Hopkins/Anthony_Hopkins_0002.jpg 752 343
Anthony_LaPaglia/Anthony_LaPaglia_0002.jpg 754 344
Antonio_Banderas/Antonio_Banderas_0002.jpg 764 353
Antonio_Palocci/Antonio_Palocci_0007.jpg 778 358
Antonio_Trillanes/Antonio_Trillanes_0003.jpg 782 359
Antony_Leung/Antony_Leung_0001.jpg 783 360
Anwar_Ibrahim/Anwar_Ibrahim_0001.jpg 789 363
Arantxa_Sanchez-Vicario/Arantxa_Sanchez-Vicario_0001.jpg 794 367
Arianna_Huffington/Arianna_Huffington_0004.jpg 800 369
Ariel_Sharon/Ariel_Sharon_0074.jpg 874 370
Ari_Fleischer/Ari_Fleischer_0010.jpg 890 374
Arlen_Specter/Arlen_Specter_0003.jpg 896 375
Arminio_Fraga/Arminio_Fraga_0001.jpg 901 380
Arnaud_Clement/Arnaud_Clement_0001.jpg 907 381
Arnoldo_Aleman/Arnoldo_Aleman_0005.jpg 915 384
Arnold_Palmer/Arnold_Palmer_0003.jpg 918 385
Arnold_Schwarzenegger/Arnold_Schwarzenegger_0018.jpg 936 386
Aron_Ralston/Aron_Ralston_0001.jpg 962 388
Arsinee_Khanjian/Arsinee_Khanjian_0001.jpg 964 389
Arturo_Gatti/Arturo_Gatti_0001.jpg 969 393
Art_Hoffmann/Art_Hoffmann_0002.jpg 974 395
Art_Howe/Art_Howe_0002.jpg 976 396
Arye_Mekel/Arye_Mekel_0001.jpg 980 398
Asa_Hutchinson/Asa_Hutchinson_0001.jpg 982 399
Ashanti/Ashanti_0002.jpg 986 401
Ashton_Kutcher/Ashton_Kutcher_0002.jpg 997 408
Atal_Bihari_Vajpayee/Atal_Bihari_Vajpayee_0008.jpg 1014 417
Augustin_Calleri/Augustin_Calleri_0004.jpg 1040 424
Augusto_Pinochet/Augusto_Pinochet_0002.jpg 1042 425
Augusto_Roa_Bastos/Augusto_Roa_Bastos_0002.jpg 1044 426
Aung_San_Suu_Kyi/Aung_San_Suu_Kyi_0001.jpg 1045 427
Azra_Akin/Azra_Akin_0003.jpg 1052 431
Barbara_Brezigar/Barbara_Brezigar_0001.jpg 1061 439
Barbara_Walters/Barbara_Walters_0002.jpg 1068 444
Barbra_Streisand/Barbra_Streisand_0001.jpg 1072 446
Barrett_Jackman/Barrett_Jackman_0001.jpg 1075 447
Barry_Alvarez/Barry_Alvarez_0001.jpg 1077 448
Barry_Zito/Barry_Zito_0002.jpg 1088 457
Bashar_Assad/Bashar_Assad_0003.jpg 1096 463
Begum_Khaleda_Zia/Begum_Khaleda_Zia_0001.jpg 1103 469
Benazir_Bhutto/Benazir_Bhutto_0002.jpg 1107 471
Benjamin_Netanyahu/Benjamin_Netanyahu_0003.jpg 1120 479
Ben_Affleck/Ben_Affleck_0006.jpg 1129 481
Ben_Curtis/Ben_Curtis_0002.jpg 1138 488
Ben_Glisan/Ben_Glisan_0001.jpg 1141 490
Ben_Howland/Ben_Howland_0002.jpg 1144 491
Bernardo_Segura/Bernardo_Segura_0001.jpg 1152 497
Bernard_Landry/Bernard_Landry_0002.jpg 1158 501
Bernard_Law/Bernard_Law_0001.jpg 1161 502
Bernard_Lord/Bernard_Lord_0002.jpg 1167 503
Bertie_Ahern/Bertie_Ahern_0003.jpg 1172 506
Bertrand_Bonello/Bertrand_Bonello_0002.jpg 1176 507
Beth_Jones/Beth_Jones_0001.jpg 1179 510
Betsy_Smith/Betsy_Smith_0001.jpg 1182 512
Bijan_Darvish/Bijan_Darvish_0002.jpg 1190 518
Bijan_Namdar_Zangeneh/Bijan_Namdar_Zangeneh_0001.jpg 1192 519
Biljana_Plavsic/Biljana_Plavsic_0001.jpg 1195 521
Billy_Crystal/Billy_Crystal_0002.jpg 1204 527
Billy_Graham/Billy_Graham_0002.jpg 1213 531
Billy_Sollie/Billy_Sollie_0001.jpg 1216 534
Bill_Belichick/Bill_Belichick_0002.jpg 1220 536
Bill_Callahan/Bill_Callahan_0003.jpg 1226 540
Bill_Clinton/Bill_Clinton_0014.jpg 1243 544
Bill_Frist/Bill_Frist_0005.jpg 1268 550
Bill_Gates/Bill_Gates_0010.jpg 1282 551
Bill_Graham/Bill_Graham_0008.jpg 1297 552
Bill_McBride/Bill_McBride_0003.jpg 1310 562
Bill_Nelson/Bill_Nelson_0001.jpg 1318 563
Bill_Parcells/Bill_Parcells_0002.jpg 1322 565
Bill_Paxton/Bill_Paxton_0003.jpg 1326 567
Bill_Simon/Bill_Simon_0014.jpg 1346 573
Bill_Sizemore/Bill_Sizemore_0001.jpg 1348 574
Binyamin_Ben-Eliezer/Binyamin_Ben-Eliezer_0005.jpg 1358 579
Blythe_Danner/Blythe_Danner_0001.jpg 1365 584
Blythe_Hartley/Blythe_Hartley_0001.jpg 1367 585
Bobby_Goldwater/Bobby_Goldwater_0001.jpg 1370 587
Bobby_Robson/Bobby_Robson_0001.jpg 1374 590
Bob_Beauprez/Bob_Beauprez_0002.jpg 1379 593
Bob_Colvin/Bob_Colvin_0001.jpg 1382 596
Bob_Dole/Bob_Dole_0001.jpg 1386 599
Bob_Geldof/Bob_Geldof_0001.jpg 1391 602
Bob_Graham/Bob_Graham_0004.jpg 1397 604
Bob_Hope/Bob_Hope_0006.jpg 1410 610
Bob_Huggins/Bob_Huggins_0002.jpg 1414 611
Bob_Stoops/Bob_Stoops_0005.jpg 1428 619
Bode_Miller/Bode_Miller_0002.jpg 1435 623
Bono/Bono_0001.jpg 1438 626
Boris_Becker/Boris_Becker_0006.jpg 1446 627
Boris_Berezovsky/Boris_Berezovsky_0001.jpg 1447 628
Boris_Yeltsin/Boris_Yeltsin_0001.jpg 1452 632
Bo_Pelini/Bo_Pelini_0002.jpg 1456 634
Bo_Ryan/Bo_Ryan_0001.jpg 1457 635
Brad_Garrett/Brad_Garrett_0002.jpg 1464 640
Brad_Johnson/Brad_Johnson_0003.jpg 1470 642
Branko_Crvenkovski/Branko_Crvenkovski_0002.jpg 1491 660
Brendan_Hansen/Brendan_Hansen_0001.jpg 1496 664
Brian_Cowen/Brian_Cowen_0002.jpg 1514 680
Brian_Griese/Brian_Griese_0001.jpg 1519 685
Brian_Heidik/Brian_Heidik_0001.jpg 1521 686
Brian_Mulroney/Brian_Mulroney_0002.jpg 1530 693
Brian_Wells/Brian_Wells_0002.jpg 1539 701
Bridgette_Wilson-Sampras/Bridgette_Wilson-Sampras_0001.jpg 1541 703
Bridget_Fonda/Bridget_Fonda_0002.jpg 1545 704
Brigitte_Boisselier/Brigitte_Boisselier_0001.jpg 1547 705
Britney_Spears/Britney_Spears_0001.jpg 1549 706
Brooke_Shields/Brooke_Shields_0002.jpg 1569 712
Bruce_Springsteen/Bruce_Springsteen_0002.jpg 1576 718
Bruce_Van_De_Velde/Bruce_Van_De_Velde_0002.jpg 1580 719
Bruce_Weber/Bruce_Weber_0001.jpg 1581 720
Bud_Selig/Bud_Selig_0003.jpg 1598 734
Bulent_Ecevit/Bulent_Ecevit_0004.jpg 1604 736
Butch_Davis/Butch_Davis_0001.jpg 1608 738
Byron_Scott/Byron_Scott_0002.jpg 1612 740
Calista_Flockhart/Calista_Flockhart_0001.jpg 1616 744
Cameron_Diaz/Cameron_Diaz_0003.jpg 1626 747
Camilla_Parker_Bowles/Camilla_Parker_Bowles_0001.jpg 1630 748
Candice_Bergen/Candice_Bergen_0003.jpg 1639 754
Candie_Kung/Candie_Kung_0003.jpg 1642 755
Carla_Del_Ponte/Carla_Del_Ponte_0002.jpg 1649 760
Carla_Myers/Carla_Myers_0001.jpg 1656 764
Carlos_Bianchi/Carlos_Bianchi_0002.jpg 1667 773
Carlos_Ghosn/Carlos_Ghosn_0001.jpg 1670 776
Carlos_Manuel_Pruneda/Carlos_Manuel_Pruneda_0002.jpg 1676 780
Carlos_Menem/Carlos_Menem_0014.jpg 1691 781
Carlos_Mesa/Carlos_Mesa_0002.jpg 1700 782
Carlos_Moya/Carlos_Moya_0002.jpg 1702 783
Carlos_Ortega/Carlos_Ortega_0001.jpg 1720 784
Carlos_Quintanilla_Schmidt/Carlos_Quintanilla_Schmidt_0002.jpg 1726 787
Carlos_Ruiz/Carlos_Ruiz_0002.jpg 1729 789
Carlos_Vives/Carlos_Vives_0004.jpg 1736 792
Carlo_Ancelotti/Carlo_Ancelotti_0003.jpg 1739 793
Carly_Fiorina/Carly_Fiorina_0001.jpg 1743 797
Carl_Reiner/Carl_Reiner_0001.jpg 1749 801
Carmen_Electra/Carmen_Electra_0006.jpg 1756 802
Carolina_Kluft/Carolina_Kluft_0001.jpg 1758 804
Carolina_Moraes/Carolina_Moraes_0002.jpg 1762 805
Caroline_Kennedy/Caroline_Kennedy_0003.jpg 1766 807
Carolyn_Dawn_Johnson/Carolyn_Dawn_Johnson_0003.jpg 1770 809
Carol_Burnett/Carol_Burnett_0002.jpg 1773 811
Carol_Moseley_Braun/Carol_Moseley_Braun_0002.jpg 1776 813
Carrie-Anne_Moss/Carrie-Anne_Moss_0004.jpg 1782 816
Carson_Daly/Carson_Daly_0002.jpg 1786 818
Carson_Palmer/Carson_Palmer_0002.jpg 1788 819
Cate_Blanchett/Cate_Blanchett_0004.jpg 1799 825
Catherine_Deneuve/Catherine_Deneuve_0001.jpg 1801 827
Catherine_Zeta-Jones/Catherine_Zeta-Jones_0006.jpg 1814 831
Cathy_Freeman/Cathy_Freeman_0001.jpg 1823 835
Cecilia_Bolocco/Cecilia_Bolocco_0003.jpg 1829 838
Celine_Dion/Celine_Dion_0001.jpg 1834 843
Celso_Amorim/Celso_Amorim_0002.jpg 1843 844
Cesar_Gaviria/Cesar_Gaviria_0008.jpg 1853 847
Cesar_Maia/Cesar_Maia_0001.jpg 1854 848
Chakib_Khelil/Chakib_Khelil_0002.jpg 1858 850
Chanda_Rubin/Chanda_Rubin_0001.jpg 1860 852
Chang_Dae-whan/Chang_Dae-whan_0001.jpg 1866 854
Chan_Gailey/Chan_Gailey_0002.jpg 1875 861
Charles_Bronson/Charles_Bronson_0003.jpg 1883 866
Charles_Grassley/Charles_Grassley_0002.jpg 1887 869
Charles_Kartman/Charles_Kartman_0001.jpg 1890 872
Charles_Mathews/Charles_Mathews_0002.jpg 1894 874
Charles_Moose/Charles_Moose_0001.jpg 1895 875
Charles_Schumer/Charles_Schumer_0001.jpg 1912 880
Charles_Taylor/Charles_Taylor_0001.jpg 1915 882
Charlie_Zaa/Charlie_Zaa_0001.jpg 1931 890
Charlotte_Rampling/Charlotte_Rampling_0001.jpg 1937 895
Charlton_Heston/Charlton_Heston_0001.jpg 1939 896
Chen_Liang_Yu/Chen_Liang_Yu_0002.jpg 1952 903
Chen_Shui-bian/Chen_Shui-bian_0005.jpg 1957 904
Cherie_Blair/Cherie_Blair_0002.jpg 1960 906
Chick_Hearn/Chick_Hearn_0003.jpg 1972 914
Chita_Rivera/Chita_Rivera_0001.jpg 1979 921
Choi_Sung-hong/Choi_Sung-hong_0003.jpg 1984 923
Chok_Tong_Goh/Chok_Tong_Goh_0001.jpg 1988 925
Christian_Fittipaldi/Christian_Fittipaldi_0001.jpg 1993 929
Christian_Longo/Christian_Longo_0003.jpg 2000 933
Christian_Wulff/Christian_Wulff_0002.jpg 2006 938
Christina_Aguilera/Christina_Aguilera_0003.jpg 2009 939
Christine_Baumgartner/Christine_Baumgartner_0005.jpg 2017 942
Christine_Ebersole/Christine_Ebersole_0001.jpg 2018 943
Christine_Gregoire/Christine_Gregoire_0001.jpg 2020 944
Christine_Todd_Whitman/Christine_Todd_Whitman_0002.jpg 2026 946
Christopher_Patten/Christopher_Patten_0002.jpg 2035 950
Christopher_Reeve/Christopher_Reeve_0001.jpg 2036 951
Christopher_Walken/Christopher_Walken_0002.jpg 2043 954
Chris_Bell/Chris_Bell_0002.jpg 2052 960
Chris_Byrd/Chris_Byrd_0002.jpg 2054 961
Chris_Cooper/Chris_Cooper_0002.jpg 2060 966
Chris_Rock/Chris_Rock_0002.jpg 2077 982
Chris_Tucker/Chris_Tucker_0002.jpg 2083 987
Chuck_Amato/Chuck_Amato_0002.jpg 2087 990
Chuck_Yeager/Chuck_Yeager_0002.jpg 2094 996
Chung_Mong-hun/Chung_Mong-hun_0001.jpg 2095 997
Chung_Mong-joon/Chung_Mong-joon_0002.jpg 2098 998
Cindy_Crawford/Cindy_Crawford_0001.jpg 2101 1001
Cindy_Margolis/Cindy_Margolis_0001.jpg 2105 1003
Ciro_Gomes/Ciro_Gomes_0001.jpg 2110 1007
Claire_Danes/Claire_Danes_0001.jpg 2115 1008
Claire_Hentzen/Claire_Hentzen_0001.jpg 2119 1010
Claire_Leger/Claire_Leger_0001.jpg 2121 1011
Clara_Harris/Clara_Harris_0002.jpg 2125 1013
Clare_Short/Clare_Short_0004.jpg 2133 1015
Claudia_Pechstein/Claudia_Pechstein_0001.jpg 2139 1021
Claudia_Schiffer/Claudia_Schiffer_0003.jpg 2146 1022
Clay_Aiken/Clay_Aiken_0005.jpg 2155 1027
Clint_Eastwood/Clint_Eastwood_0005.jpg 2166 1033
Colin_Farrell/Colin_Farrell_0003.jpg 2179 1043
Colin_Jackson/Colin_Jackson_0002.jpg 2187 1044
Colin_Montgomerie/Colin_Montgomerie_0001.jpg 2188 1045
Colin_Powell/Colin_Powell_0166.jpg 2359 1047
Conan_OBrien/Conan_OBrien_0003.jpg 2441 1057
Conchita_Martinez/Conchita_Martinez_0002.jpg 2444 1058
Condoleezza_Rice/Condoleezza_Rice_0006.jpg 2451 1059
Constance_Marie/Constance_Marie_0002.jpg 2461 1063
Coretta_Scott_King/Coretta_Scott_King_0002.jpg 2465 1065
Corinne_Coman/Corinne_Coman_0001.jpg 2469 1068
Costas_Simitis/Costas_Simitis_0006.jpg 2479 1072
Courtney_Love/Courtney_Love_0001.jpg 2481 1074
Cristina_Fernandez/Cristina_Fernandez_0001.jpg 2495 1087
Cristina_Saralegui/Cristina_Saralegui_0001.jpg 2498 1089
Cruz_Bustamante/Cruz_Bustamante_0003.jpg 2503 1091
Cyndi_Thompson/Cyndi_Thompson_0002.jpg 2512 1097
Daisy_Fuentes/Daisy_Fuentes_0004.jpg 2519 1101
Dai_Bachtiar/Dai_Bachtiar_0001.jpg 2520 1102
Dalai_Lama/Dalai_Lama_0001.jpg 2524 1105
Dale_Earnhardt_Jr/Dale_Earnhardt_Jr_0001.jpg 2528 1108
Damon_van_Dam/Damon_van_Dam_0002.jpg 2537 1113
Daniela_Hantuchova/Daniela_Hantuchova_0002.jpg 2542 1117
Daniel_Day-Lewis/Daniel_Day-Lewis_0003.jpg 2556 1129
Daniel_Radcliffe/Daniel_Radcliffe_0004.jpg 2567 1137
Dan_Morales/Dan_Morales_0002.jpg 2590 1159
Dan_Wheldon/Dan_Wheldon_0002.jpg 2597 1164
Darrell_Issa/Darrell_Issa_0002.jpg 2608 1174
Darrell_Porter/Darrell_Porter_0001.jpg 2609 1175
Darren_Clarke/Darren_Clarke_0002.jpg 2614 1178
Daryl_Hannah/Daryl_Hannah_0002.jpg 2619 1182
Dave_Campo/Dave_Campo_0001.jpg 2626 1189
David_Anderson/David_Anderson_0002.jpg 2644 1204
David_Beckham/David_Beckham_0025.jpg 2674 1207
David_Bell/David_Bell_0002.jpg 2682 1208
David_Caraway/David_Caraway_0002.jpg 2692 1217
David_Caruso/David_Caruso_0002.jpg 2695 1219
David_Coulthard/David_Coulthard_0002.jpg 2700 1222
David_Dodge/David_Dodge_0001.jpg 2703 1225
David_Heyman/David_Heyman_0001.jpg 2715 1236
David_Heymann/David_Heymann_0002.jpg 2718 1237
David_Hyde_Pierce/David_Hyde_Pierce_0001.jpg 2725 1241
David_Kelley/David_Kelley_0002.jpg 2730 1242
David_Leahy/David_Leahy_0002.jpg 2733 1244
David_Myers/David_Myers_0001.jpg 2740 1251
David_Nalbandian/David_Nalbandian_0012.jpg 2753 1252
David_Spade/David_Spade_0001.jpg 2766 1263
David_Stern/David_Stern_0003.jpg 2770 1264
David_Trimble/David_Trimble_0002.jpg 2776 1268
David_Wells/David_Wells_0007.jpg 2787 1270
David_Wolf/David_Wolf_0002.jpg 2790 1272
Dean_Barkley/Dean_Barkley_0004.jpg 2799 1278
Debbie_Reynolds/Debbie_Reynolds_0003.jpg 2805 1282
Debra_Brown/Debra_Brown_0002.jpg 2808 1283
Debra_Messing/Debra_Messing_0001.jpg 2809 1284
Demetrius_Ferraciu/Demetrius_Ferraciu_0001.jpg 2822 1295
Demi_Moore/Demi_Moore_0004.jpg 2827 1296
Denise_Johnson/Denise_Johnson_0002.jpg 2829 1297
Dennis_Erickson/Dennis_Erickson_0002.jpg 2837 1304
Dennis_Hastert/Dennis_Hastert_0006.jpg 2844 1306
Dennis_Kozlowski/Dennis_Kozlowski_0001.jpg 2846 1308
Dennis_Kucinich/Dennis_Kucinich_0004.jpg 2851 1309
Dennis_Powell/Dennis_Powell_0002.jpg 2858 1312
Denzel_Washington/Denzel_Washington_0004.jpg 2863 1314
Derek_Jeter/Derek_Jeter_0002.jpg 2869 1318
Derek_Lowe/Derek_Lowe_0002.jpg 2874 1320
Desiree_Lemosi/Desiree_Lemosi_0001.jpg 2880 1326
Dexter_Jackson/Dexter_Jackson_0002.jpg 2888 1332
Diana_Krall/Diana_Krall_0001.jpg 2889 1333
Diana_Munz/Diana_Munz_0001.jpg 2895 1334
Diana_Taurasi/Diana_Taurasi_0002.jpg 2902 1338
Diane_Green/Diane_Green_0002.jpg 2905 1340
Dianne_Feinstein/Dianne_Feinstein_0003.jpg 2910 1343
Dick_Cheney/Dick_Cheney_0012.jpg 2925 1347
Dick_Clark/Dick_Clark_0002.jpg 2929 1348
Dick_Latessa/Dick_Latessa_0002.jpg 2934 1351
Dick_Vermeil/Dick_Vermeil_0001.jpg 2937 1354
Dino_de_Laurentis/Dino_de_Laurentis_0001.jpg 2949 1365
Dolly_Parton/Dolly_Parton_0001.jpg 2961 1376
Dolma_Tsering/Dolma_Tsering_0001.jpg 2963 1377
Dominik_Garcia-Lorido/Dominik_Garcia-Lorido_0001.jpg 2967 1380
Dominique_de_Villepin/Dominique_de_Villepin_0015.jpg 2984 1382
Donald_Evans/Donald_Evans_0002.jpg 2989 1386
Donald_Fehr/Donald_Fehr_0003.jpg 2992 1387
Donald_Pettit/Donald_Pettit_0001.jpg 2997 1391
Donald_Rumsfeld/Donald_Rumsfeld_0006.jpg 3006 1393
Donatella_Versace/Donatella_Versace_0002.jpg 3124 1395
Donna_Shalala/Donna_Shalala_0002.jpg 3131 1400
Don_Nickles/Don_Nickles_0002.jpg 3145 1413
Don_Siegelman/Don_Siegelman_0003.jpg 3148 1414
Doris_Roberts/Doris_Roberts_0003.jpg 3153 1416
Doris_Schroeder/Doris_Schroeder_0001.jpg 3154 1417
Dorthy_Moxley/Dorthy_Moxley_0001.jpg 3161 1421
Doug_Collins/Doug_Collins_0001.jpg 3169 1428
Doug_Duncan/Doug_Duncan_0001.jpg 3171 1429
Doug_Melvin/Doug_Melvin_0002.jpg 3174 1430
Drew_Barrymore/Drew_Barrymore_0001.jpg 3180 1435
Duane_Lee_Chapman/Duane_Lee_Chapman_0001.jpg 3185 1439
Dwayne_Johnson/Dwayne_Johnson_0001.jpg 3197 1450
Eddie_Sutton/Eddie_Sutton_0001.jpg 3213 1465
Eddy_Merckx/Eddy_Merckx_0001.jpg 3216 1467
Edie_Falco/Edie_Falco_0001.jpg 3219 1469
Edmund_Hillary/Edmund_Hillary_0002.jpg 3224 1472
Edmund_Stoiber/Edmund_Stoiber_0013.jpg 3238 1473
Eduardo_Duhalde/Eduardo_Duhalde_0008.jpg 3248 1476
Eduard_Shevardnadze/Eduard_Shevardnadze_0002.jpg 3259 1480
Edward_James_Olmos/Edward_James_Olmos_0002.jpg 3271 1488
Edward_Kennedy/Edward_Kennedy_0001.jpg 3273 1490
Edward_Lu/Edward_Lu_0004.jpg 3280 1492
Edward_Norton/Edward_Norton_0002.jpg 3284 1493
Edward_Said/Edward_Said_0001.jpg 3285 1494
Edwina_Currie/Edwina_Currie_0004.jpg 3291 1496
Edwin_Edwards/Edwin_Edwards_0003.jpg 3294 1497
Ed_Rosenthal/Ed_Rosenthal_0003.jpg 3301 1502
Ed_Smart/Ed_Smart_0003.jpg 3304 1503
Eileen_Coparropa/Eileen_Coparropa_0002.jpg 3310 1508
Elena_Bovina/Elena_Bovina_0003.jpg 3322 1517
Eliane_Karp/Eliane_Karp_0002.jpg 3329 1523
Elijah_Wood/Elijah_Wood_0001.jpg 3333 1525
Elinor_Caplan/Elinor_Caplan_0001.jpg 3337 1527
Elin_Nordegren/Elin_Nordegren_0002.jpg 3340 1528
Elisabeth_Schumacher/Elisabeth_Schumacher_0001.jpg 3342 1530
Elizabeth_Dole/Elizabeth_Dole_0001.jpg 3347 1534
Elizabeth_Hurley/Elizabeth_Hurley_0002.jpg 3353 1536
Elizabeth_Shue/Elizabeth_Shue_0002.jpg 3360 1539
Elizabeth_Smart/Elizabeth_Smart_0005.jpg 3365 1540
Elizabeth_Taylor/Elizabeth_Taylor_0001.jpg 3366 1541
Ellen_DeGeneres/Ellen_DeGeneres_0001.jpg 3374 1548
Ellen_Engleman/Ellen_Engleman_0002.jpg 3377 1549
Elsa_Zylberstein/Elsa_Zylberstein_0002.jpg 3387 1558
Elton_John/Elton_John_0004.jpg 3395 1559
Elvis_Presley/Elvis_Presley_0002.jpg 3402 1562
Emanuel_Ginobili/Emanuel_Ginobili_0004.jpg 3408 1565
Emile_Lahoud/Emile_Lahoud_0002.jpg 3412 1567
Emily_Robison/Emily_Robison_0002.jpg 3418 1572
Emmanuelle_Beart/Emmanuelle_Beart_0002.jpg 3422 1575
Emma_Thompson/Emma_Thompson_0003.jpg 3430 1580
Emma_Watson/Emma_Watson_0001.jpg 3431 1581
Emmit_Smith/Emmit_Smith_0001.jpg 3436 1582
Enrique_Bolanos/Enrique_Bolanos_0004.jpg 3447 1589
Eric_Clapton/Eric_Clapton_0002.jpg 3458 1598
Eric_Hinske/Eric_Hinske_0002.jpg 3463 1602
Eric_Robert_Rudolph/Eric_Robert_Rudolph_0002.jpg 3468 1606
Eric_Rosser/Eric_Rosser_0001.jpg 3470 1607
Erika_Christensen/Erika_Christensen_0001.jpg 3480 1616
Erika_Harold/Erika_Harold_0005.jpg 3486 1617
Erik_Morales/Erik_Morales_0002.jpg 3490 1620
Erin_Runnion/Erin_Runnion_0001.jpg 3494 1623
Ernesto_Zedillo/Ernesto_Zedillo_0002.jpg 3499 1624
Ernie_Els/Ernie_Els_0001.jpg 3501 1626
Ernie_Eves/Ernie_Eves_0001.jpg 3505 1627
Ernie_Fletcher/Ernie_Fletcher_0001.jpg 3507 1628
Ethan_Hawke/Ethan_Hawke_0001.jpg 3522 1642
Eunice_Barber/Eunice_Barber_0001.jpg 3529 1646
Evander_Holyfield/Evander_Holyfield_0002.jpg 3533 1648
Evan_Rachel_Wood/Evan_Rachel_Wood_0002.jpg 3536 1650
Eva_Dimas/Eva_Dimas_0002.jpg 3540 1652
Eve_Pelletier/Eve_Pelletier_0002.jpg 3547 1658
Fabiola_Zuluaga/Fabiola_Zuluaga_0001.jpg 3554 1665
Fabrice_Santoro/Fabrice_Santoro_0002.jpg 3557 1666
Farouk_al-Sharaa/Farouk_al-Sharaa_0003.jpg 3566 1672
Faye_Dunaway/Faye_Dunaway_0001.jpg 3571 1677
Fayssal_Mekdad/Fayssal_Mekdad_0002.jpg 3576 1679
Federico_Trillo/Federico_Trillo_0001.jpg 3582 1683
Felipe_Perez_Roque/Felipe_Perez_Roque_0004.jpg 3592 1688
Felix_Mantilla/Felix_Mantilla_0002.jpg 3595 1690
Ferenc_Madl/Ferenc_Madl_0001.jpg 3598 1693
Fernando_Gonzalez/Fernando_Gonzalez_0009.jpg 3609 1695
Fernando_Henrique_Cardoso/Fernando_Henrique_Cardoso_0006.jpg 3615 1696
Fernando_Vargas/Fernando_Vargas_0001.jpg 3622 1701
Fidel_Castro/Fidel_Castro_0009.jpg 3636 1704
Filippo_Inzaghi/Filippo_Inzaghi_0003.jpg 3649 1706
Flavia_Delaroli/Flavia_Delaroli_0001.jpg 3653 1710
Flor_Montulo/Flor_Montulo_0001.jpg 3659 1715
Frances_Fisher/Frances_Fisher_0002.jpg 3665 1719
Francisco_Flores/Francisco_Flores_0001.jpg 3666 1720
Francis_Ford_Coppola/Francis_Ford_Coppola_0001.jpg 3676 1727
Francis_George/Francis_George_0001.jpg 3678 1728
Francis_Mer/Francis_Mer_0001.jpg 3680 1729
Franco_Dragone/Franco_Dragone_0002.jpg 3689 1736
Franko_Simatovic/Franko_Simatovic_0001.jpg 3693 1740
Frank_Cassell/Frank_Cassell_0003.jpg 3700 1744
Frank_Dunham_Jr/Frank_Dunham_Jr_0001.jpg 3702 1746
Frank_Griswold/Frank_Griswold_0002.jpg 3705 1747
Frank_Lautenberg/Frank_Lautenberg_0001.jpg 3709 1751
Frank_Solich/Frank_Solich_0003.jpg 3719 1758
Frank_Stallone/Frank_Stallone_0002.jpg 3723 1759
Franz_Beckenbauer/Franz_Beckenbauer_0002.jpg 3729 1764
Franz_Fischler/Franz_Fischler_0003.jpg 3732 1765
Franz_Muentefering/Franz_Muentefering_0002.jpg 3736 1767
Fran_Drescher/Fran_Drescher_0002.jpg 3740 1768
Freddy_Garcia/Freddy_Garcia_0001.jpg 3742 1770
Fred_Eckhard/Fred_Eckhard_0003.jpg 3751 1776
Fred_Funk/Fred_Funk_0001.jpg 3752 1777
Fred_Thompson/Fred_Thompson_0002.jpg 3758 1781
Fujio_Cho/Fujio_Cho_0002.jpg 3763 1784
Gabriel_Batistuta/Gabriel_Batistuta_0001.jpg 3773 1790
Gabriel_Valdes/Gabriel_Valdes_0001.jpg 3778 1794
Gao_Qiang/Gao_Qiang_0001.jpg 3783 1798
Garry_Kasparov/Garry_Kasparov_0001.jpg 3786 1800
Garry_Trudeau/Garry_Trudeau_0001.jpg 3789 1802
Gary_Bergeron/Gary_Bergeron_0001.jpg 3796 1808
Gary_Carter/Gary_Carter_0002.jpg 3800 1810
Gary_Doer/Gary_Doer_0001.jpg 3805 1814
Gary_Forsee/Gary_Forsee_0002.jpg 3809 1815
Gary_Locke/Gary_Locke_0001.jpg 3813 1819
Gary_Williams/Gary_Williams_0001.jpg 3820 1825
Gary_Winnick/Gary_Winnick_0002.jpg 3823 1826
Gene_Robinson/Gene_Robinson_0002.jpg 3833 1835
Geno_Auriemma/Geno_Auriemma_0002.jpg 3840 1838
Geoff_Hoon/Geoff_Hoon_0001.jpg 3845 1843
George_Brumley/George_Brumley_0002.jpg 3856 1847
George_Clooney/George_Clooney_0004.jpg 3861 1849
George_Foreman/George_Foreman_0002.jpg 3868 1850
George_Galloway/George_Galloway_0001.jpg 3869 1851
George_HW_Bush/George_HW_Bush_0011.jpg 3885 1854
George_Karl/George_Karl_0002.jpg 3889 1855
George_Lopez/George_Lopez_0001.jpg 3890 1856
George_Papandreou/George_Papandreou_0001.jpg 3899 1861
George_Pataki/George_Pataki_0003.jpg 3905 1862
George_P_Bush/George_P_Bush_0001.jpg 3909 1864
George_Robertson/George_Robertson_0014.jpg 3924 1865
George_Roy_Hill/George_Roy_Hill_0001.jpg 3933 1866
George_Ryan/George_Ryan_0004.jpg 3938 1867
George_Tenet/George_Tenet_0001.jpg 3939 1868
George_Voinovich/George_Voinovich_0001.jpg 3941 1869
George_W_Bush/George_W_Bush_0480.jpg 4423 1870
Georgi_Parvanov/Georgi_Parvanov_0001.jpg 4477 1874
Geraldine_Chaplin/Geraldine_Chaplin_0004.jpg 4483 1876
Gerardo_Gambala/Gerardo_Gambala_0002.jpg 4491 1883
Gerard_Depardieu/Gerard_Depardieu_0002.jpg 4494 1885
Gerhard_Schroeder/Gerhard_Schroeder_0061.jpg 4560 1891
Gerry_Adams/Gerry_Adams_0004.jpg 4614 1894
Gerry_Parsky/Gerry_Parsky_0002.jpg 4621 1896
Gianna_Angelopoulos-Daskalaki/Gianna_Angelopoulos-Daskalaki_0001.jpg 4625 1900
Gian_Marco/Gian_Marco_0001.jpg 4630 1903
Gilberto_Rodriguez_Orejuela/Gilberto_Rodriguez_Orejuela_0001.jpg 4635 1906
Gillian_Anderson/Gillian_Anderson_0002.jpg 4642 1909
Gil_de_Ferran/Gil_de_Ferran_0002.jpg 4645 1911
Gisele_Bundchen/Gisele_Bundchen_0002.jpg 4655 1917
Giuseppe_Gibilisco/Giuseppe_Gibilisco_0001.jpg 4659 1921
Glafcos_Clerides/Glafcos_Clerides_0003.jpg 4666 1923
Gloria_Allred/Gloria_Allred_0001.jpg 4674 1930
Gloria_Macapagal_Arroyo/Gloria_Macapagal_Arroyo_0016.jpg 4692 1932
Gloria_Trevi/Gloria_Trevi_0004.jpg 4724 1933
GL_Peiris/GL_Peiris_0002.jpg 4726 1934
Goh_Kun/Goh_Kun_0002.jpg 4730 1935
Goldie_Hawn/Goldie_Hawn_0007.jpg 4737 1936
Gonzalo_Sanchez_de_Lozada/Gonzalo_Sanchez_de_Lozada_0009.jpg 4749 1940
Goran_Persson/Goran_Persson_0002.jpg 4754 1941
Gordon_Brown/Gordon_Brown_0006.jpg 4763 1945
Gordon_Campbell/Gordon_Campbell_0001.jpg 4771 1946
Grady_Irvin_Jr/Grady_Irvin_Jr_0002.jpg 4784 1957
Grant_Hackett/Grant_Hackett_0001.jpg 4789 1962
Gray_Davis/Gray_Davis_0003.jpg 4797 1964
Gregg_Popovich/Gregg_Popovich_0004.jpg 4825 1966
Gregory_Geoffroy/Gregory_Geoffroy_0002.jpg 4830 1969
Gregory_Hines/Gregory_Hines_0001.jpg 4831 1970
Greg_Gilbert/Greg_Gilbert_0001.jpg 4836 1974
Greg_Ostertag/Greg_Ostertag_0001.jpg 4842 1979
Greg_Owen/Greg_Owen_0001.jpg 4844 1980
Greg_Rusedski/Greg_Rusedski_0002.jpg 4847 1981
Gro_Harlem_Brundtland/Gro_Harlem_Brundtland_0002.jpg 4853 1984
Guido_Westerwelle/Guido_Westerwelle_0001.jpg 4857 1988
Guillaume_Soro/Guillaume_Soro_0002.jpg 4862 1991
Guillermo_Canas/Guillermo_Canas_0003.jpg 4865 1992
Guillermo_Coria/Guillermo_Coria_0024.jpg 4890 1993
Guillermo_Ortiz/Guillermo_Ortiz_0002.jpg 4899 1995
Gunter_Pleuger/Gunter_Pleuger_0001.jpg 4902 1998
Gustavo_Kuerten/Gustavo_Kuerten_0003.jpg 4913 2001
Gus_Van_Sant/Gus_Van_Sant_0001.jpg 4917 2005
Guy_Hemmings/Guy_Hemmings_0001.jpg 4921 2007
Guy_Ritchie/Guy_Ritchie_0001.jpg 4923 2008
Gwendal_Peizerat/Gwendal_Peizerat_0002.jpg 4927 2010
Gwyneth_Paltrow/Gwyneth_Paltrow_0005.jpg 4934 2012
Habib_Rizieq/Habib_Rizieq_0002.jpg 4938 2014
Halle_Berry/Halle_Berry_0001.jpg 4944 2017
Hal_Gehman/Hal_Gehman_0005.jpg 4964 2018
Hal_Sutton/Hal_Sutton_0002.jpg 4968 2021
Hamid_Karzai/Hamid_Karzai_0013.jpg 4985 2026
Hamzah_Haz/Hamzah_Haz_0002.jpg 4997 2028
Hanan_Ashrawi/Hanan_Ashrawi_0001.jpg 5000 2031
Hannah_Stockbauer/Hannah_Stockbauer_0001.jpg 5010 2040
Hans_Blix/Hans_Blix_0011.jpg 5024 2043
Hans_Eichel/Hans_Eichel_0001.jpg 5054 2045
Harbhajan_Singh/Harbhajan_Singh_0002.jpg 5062 2050
Harrison_Ford/Harrison_Ford_0003.jpg 5069 2055
Harry_Belafonte/Harry_Belafonte_0001.jpg 5079 2056
Harry_Kalas/Harry_Kalas_0001.jpg 5081 2057
Harry_Schmidt/Harry_Schmidt_0004.jpg 5086 2058
Harvey_Weinstein/Harvey_Weinstein_0001.jpg 5090 2062
Hashim_Thaci/Hashim_Thaci_0002.jpg 5095 2065
Hassan_Nasrallah/Hassan_Nasrallah_0001.jpg 5097 2067
Hassan_Wirajuda/Hassan_Wirajuda_0002.jpg 5100 2068
Hayley_Tullett/Hayley_Tullett_0002.jpg 5105 2072
Heather_Mills/Heather_Mills_0002.jpg 5109 2075
Heath_Ledger/Heath_Ledger_0001.jpg 5114 2078
Hector_Babenco/Hector_Babenco_0002.jpg 5119 2079
Hee-Won_Han/Hee-Won_Han_0003.jpg 5126 2083
Heidi_Fleiss/Heidi_Fleiss_0004.jpg 5130 2084
Heidi_Klum/Heidi_Klum_0002.jpg 5132 2085
Heinz_Feldmann/Heinz_Feldmann_0003.jpg 5139 2087
Heizo_Takenaka/Heizo_Takenaka_0005.jpg 5144 2088
Helen_Clark/Helen_Clark_0003.jpg 5154 2092
Henrique_Meirelles/Henrique_Meirelles_0001.jpg 5163 2100
Herb_Sendek/Herb_Sendek_0004.jpg 5179 2112
Hermann_Maier/Hermann_Maier_0002.jpg 5182 2114
Herta_Daeubler-Gmelin/Herta_Daeubler-Gmelin_0002.jpg 5190 2121
Hichiro_Naemura/Hichiro_Naemura_0001.jpg 5192 2123
Hideki_Matsui/Hideki_Matsui_0002.jpg 5195 2124
Hilary_Duff/Hilary_Duff_0002.jpg 5200 2128
Hillary_Clinton/Hillary_Clinton_0003.jpg 5206 2131
Hilmi_Ozkok/Hilmi_Ozkok_0001.jpg 5219 2133
Hipolito_Mejia/Hipolito_Mejia_0004.jpg 5225 2135
Hisao_Oguchi/Hisao_Oguchi_0002.jpg 5229 2138
Hitomi_Soga/Hitomi_Soga_0003.jpg 5234 2141
Holly_Hunter/Holly_Hunter_0005.jpg 5244 2145
Hootie_Johnson/Hootie_Johnson_0002.jpg 5250 2148
Horst_Koehler/Horst_Koehler_0001.jpg 5255 2153
Hosni_Mubarak/Hosni_Mubarak_0006.jpg 5263 2154
Howard_Dean/Howard_Dean_0008.jpg 5274 2155
Howard_Schultz/Howard_Schultz_0001.jpg 5280 2157
Howard_Smith/Howard_Smith_0001.jpg 5282 2158
Hugh_Grant/Hugh_Grant_0004.jpg 5297 2169
Hugo_Chavez/Hugo_Chavez_0020.jpg 5325 2173
Hun_Sen/Hun_Sen_0004.jpg 5387 2181
Hu_Jintao/Hu_Jintao_0001.jpg 5392 2186
Iain_Duncan_Smith/Iain_Duncan_Smith_0003.jpg 5412 2190
Ian_McKellen/Ian_McKellen_0002.jpg 5420 2196
Ian_Thorpe/Ian_Thorpe_0004.jpg 5427 2199
Iban_Mayo/Iban_Mayo_0001.jpg 5435 2201
Ibrahim_Jaafari/Ibrahim_Jaafari_0002.jpg 5441 2205
Igor_Ivanov/Igor_Ivanov_0003.jpg 5448 2210
Ilan_Ramon/Ilan_Ramon_0002.jpg 5469 2213
Imad_Moustapha/Imad_Moustapha_0002.jpg 5475 2217
Inam-ul-Haq/Inam-ul-Haq_0001.jpg 5480 2222
Inocencio_Arias/Inocencio_Arias_0001.jpg 5485 2226
Intisar_Ajouri/Intisar_Ajouri_0002.jpg 5488 2227
Isabella_Rossellini/Isabella_Rossellini_0002.jpg 5503 2240
Isabelle_Huppert/Isabelle_Huppert_0001.jpg 5505 2241
Isaiah_Washington/Isaiah_Washington_0001.jpg 5508 2243
Ishaq_Shahryar/Ishaq_Shahryar_0001.jpg 5510 2244
Ismail_Merchant/Ismail_Merchant_0002.jpg 5519 2251
Iva_Majoli/Iva_Majoli_0002.jpg 5528 2259
Jackie_Chan/Jackie_Chan_0009.jpg 5541 2264
Jack_Grubman/Jack_Grubman_0001.jpg 5550 2269
Jack_Nicholson/Jack_Nicholson_0003.jpg 5556 2272
Jack_Straw/Jack_Straw_0026.jpg 5584 2275
Jacqueline_Obradors/Jacqueline_Obradors_0002.jpg 5594 2282
Jacques_Chirac/Jacques_Chirac_0024.jpg 5618 2283
Jacques_Rogge/Jacques_Rogge_0002.jpg 5649 2285
Jada_Pinkett_Smith/Jada_Pinkett_Smith_0001.jpg 5659 2287
Jake_Gyllenhaal/Jake_Gyllenhaal_0003.jpg 5668 2293
James_Blake/James_Blake_0007.jpg 5685 2302
James_Butts/James_Butts_0002.jpg 5697 2306
James_Caan/James_Caan_0002.jpg 5699 2307
James_Cameron/James_Cameron_0003.jpg 5703 2308
James_Cunningham/James_Cunningham_0001.jpg 5709 2314
James_Franco/James_Franco_0001.jpg 5713 2316
James_Gandolfini/James_Gandolfini_0002.jpg 5716 2317
James_Ivory/James_Ivory_0001.jpg 5725 2325
James_Jones/James_Jones_0001.jpg 5727 2326
James_Kelly/James_Kelly_0007.jpg 5735 2327
James_Kopp/James_Kopp_0003.jpg 5743 2329
James_Maguire/James_Maguire_0002.jpg 5748 2332
James_McGreevey/James_McGreevey_0001.jpg 5751 2335
James_Morris/James_Morris_0002.jpg 5760 2340
James_Parker/James_Parker_0002.jpg 5763 2342
James_Schultz/James_Schultz_0001.jpg 5767 2346
James_Smith/James_Smith_0001.jpg 5770 2348
James_Traficant/James_Traficant_0003.jpg 5775 2350
James_Wolfensohn/James_Wolfensohn_0002.jpg 5781 2355
Jamie_Villafane/Jamie_Villafane_0001.jpg 5795 2366
Jamling_Norgay/Jamling_Norgay_0002.jpg 5799 2368
Jan-Michael_Gambill/Jan-Michael_Gambill_0003.jpg 5802 2369
Janet_Napolitano/Janet_Napolitano_0003.jpg 5814 2379
Janet_Thorpe/Janet_Thorpe_0001.jpg 5816 2380
Jane_Fonda/Jane_Fonda_0001.jpg 5820 2383
Jane_Kaczmarek/Jane_Kaczmarek_0001.jpg 5822 2384
Jane_Pauley/Jane_Pauley_0002.jpg 5828 2388
Janica_Kostelic/Janica_Kostelic_0001.jpg 5833 2393
Jan_Ullrich/Jan_Ullrich_0002.jpg 5847 2405
Jason_Alexander/Jason_Alexander_0001.jpg 5856 2410
Jason_Jennings/Jason_Jennings_0001.jpg 5863 2416
Jason_Kidd/Jason_Kidd_0010.jpg 5876 2419
Jason_Lezak/Jason_Lezak_0001.jpg 5877 2420
Javier_Solana/Javier_Solana_0009.jpg 5899 2433
Javier_Weber/Javier_Weber_0002.jpg 5904 2436
Jayson_Williams/Jayson_Williams_0002.jpg 5911 2441
Jay_Garner/Jay_Garner_0005.jpg 5917 2442
Jay_Leno/Jay_Leno_0001.jpg 5919 2443
Jay_Rasulo/Jay_Rasulo_0002.jpg 5923 2444
Jean-Claude_Braquet/Jean-Claude_Braquet_0001.jpg 5925 2446
Jean-Claude_Juncker/Jean-Claude_Juncker_0001.jpg 5927 2447
Jean-Claude_Trichet/Jean-Claude_Trichet_0002.jpg 5930 2448
Jean-David_Levitte/Jean-David_Levitte_0008.jpg 5939 2450
Jean-Francois_Pontal/Jean-Francois_Pontal_0002.jpg 5944 2452
Jean-Marc_de_La_Sabliere/Jean-Marc_de_La_Sabliere_0001.jpg 5947 2454
Jean-Pierre_Raffarin/Jean-Pierre_Raffarin_0003.jpg 5954 2458
Jean-Sebastien_Giguere/Jean-Sebastien_Giguere_0001.jpg 5960 2460
Jeanne_Moreau/Jeanne_Moreau_0001.jpg 5967 2466
Jean_Brumley/Jean_Brumley_0001.jpg 5969 2467
Jean_Carnahan/Jean_Carnahan_0001.jpg 5971 2468
Jean_Charest/Jean_Charest_0015.jpg 5987 2469
Jean_Chretien/Jean_Chretien_0008.jpg 5997 2470
Jeb_Bush/Jeb_Bush_0003.jpg 6049 2473
Jefferson_Perez/Jefferson_Perez_0001.jpg 6059 2474
Jeffrey_Archer/Jeffrey_Archer_0002.jpg 6064 2477
Jeffrey_Immelt/Jeffrey_Immelt_0002.jpg 6068 2480
Jeffrey_Jones/Jeffrey_Jones_0002.jpg 6070 2481
Jeffrey_Scott_Postell/Jeffrey_Scott_Postell_0001.jpg 6073 2484
Jeff_Van_Gundy/Jeff_Van_Gundy_0001.jpg 6083 2493
Jelena_Dokic/Jelena_Dokic_0002.jpg 6088 2495
Jennifer_Aniston/Jennifer_Aniston_0010.jpg 6108 2500
Jennifer_Capriati/Jennifer_Capriati_0027.jpg 6146 2501
Jennifer_Connelly/Jennifer_Connelly_0003.jpg 6164 2502
Jennifer_Garner/Jennifer_Garner_0002.jpg 6168 2504
Jennifer_Keller/Jennifer_Keller_0001.jpg 6181 2507
Jennifer_Lopez/Jennifer_Lopez_0004.jpg 6188 2508
Jennifer_Reilly/Jennifer_Reilly_0001.jpg 6210 2513
Jennifer_Rodriguez/Jennifer_Rodriguez_0001.jpg 6213 2515
Jennifer_Thompson/Jennifer_Thompson_0001.jpg 6215 2516
Jeong_Se-hyun/Jeong_Se-hyun_0001.jpg 6222 2522
Jeremy_Greenstock/Jeremy_Greenstock_0019.jpg 6252 2526
Jeremy_Shockey/Jeremy_Shockey_0001.jpg 6258 2527
Jerry_Falwell/Jerry_Falwell_0002.jpg 6268 2535
Jerry_Regier/Jerry_Regier_0004.jpg 6278 2542
Jerry_Springer/Jerry_Springer_0004.jpg 6286 2547
Jesse_Harris/Jesse_Harris_0003.jpg 6291 2550
Jesse_Jackson/Jesse_Jackson_0009.jpg 6301 2552
Jesse_James_Leija/Jesse_James_Leija_0001.jpg 6303 2554
Jesse_Ventura/Jesse_Ventura_0001.jpg 6305 2555
Jessica_Alba/Jessica_Alba_0002.jpg 6309 2556
Jessica_Lange/Jessica_Lange_0002.jpg 6314 2560
Jessica_Lynch/Jessica_Lynch_0002.jpg 6316 2561
Jiang_Zemin/Jiang_Zemin_0002.jpg 6321 2565
Jia_Qinglin/Jia_Qinglin_0001.jpg 6340 2566
Jimmy_Carter/Jimmy_Carter_0003.jpg 6344 2567
Jimmy_Kimmel/Jimmy_Kimmel_0001.jpg 6355 2572
Jim_Carrey/Jim_Carrey_0003.jpg 6370 2584
Jim_Edmonds/Jim_Edmonds_0001.jpg 6372 2586
Jim_Furyk/Jim_Furyk_0001.jpg 6377 2590
Jim_Hahn/Jim_Hahn_0002.jpg 6385 2592
Jim_Harrick/Jim_Harrick_0002.jpg 6390 2594
Jim_OBrien/Jim_OBrien_0002.jpg 6399 2602
Jim_Tressel/Jim_Tressel_0001.jpg 6412 2614
Jiri_Novak/Jiri_Novak_0008.jpg 6427 2619
JJ_Redick/JJ_Redick_0001.jpg 6431 2620
JK_Rowling/JK_Rowling_0002.jpg 6434 2621
Joan_Claybrook/Joan_Claybrook_0002.jpg 6443 2625
Joan_Laporta/Joan_Laporta_0003.jpg 6449 2629
Job_Cohen/Job_Cohen_0001.jpg 6461 2635
Jodie_Foster/Jodie_Foster_0003.jpg 6465 2636
Joerg_Haider/Joerg_Haider_0002.jpg 6472 2642
Joe_Calzaghe/Joe_Calzaghe_0001.jpg 6476 2646
Joe_Dumars/Joe_Dumars_0001.jpg 6485 2654
Joe_Gatti/Joe_Gatti_0002.jpg 6491 2658
Joe_Lieberman/Joe_Lieberman_0010.jpg 6503 2661
Joe_Mantello/Joe_Mantello_0002.jpg 6509 2663
Joe_Nichols/Joe_Nichols_0001.jpg 6512 2666
Joe_Torre/Joe_Torre_0002.jpg 6521 2671
Johnny_Carson/Johnny_Carson_0002.jpg 6530 2677
Johnny_Depp/Johnny_Depp_0002.jpg 6532 2678
Johnny_Tapia/Johnny_Tapia_0003.jpg 6537 2681
Johnny_Unitas/Johnny_Unitas_0002.jpg 6539 2682
Johnson_Panjaitan/Johnson_Panjaitan_0002.jpg 6541 2683
John_Abizaid/John_Abizaid_0008.jpg 6549 2684
John_Allen_Muhammad/John_Allen_Muhammad_0009.jpg 6559 2685
John_Ashcroft/John_Ashcroft_0008.jpg 6570 2687
John_Banko/John_Banko_0002.jpg 6618 2689
John_Blaney/John_Blaney_0002.jpg 6622 2692
John_Bolton/John_Bolton_0005.jpg 6627 2693
John_Brady/John_Brady_0002.jpg 6642 2695
John_Cusack/John_Cusack_0001.jpg 6649 2702
John_Edwards/John_Edwards_0001.jpg 6658 2710
John_F_Kennedy_Jr/John_F_Kennedy_Jr_0001.jpg 6672 2717
John_Garamendi/John_Garamendi_0001.jpg 6674 2718
John_Howard/John_Howard_0014.jpg 6696 2726
John_Jumper/John_Jumper_0002.jpg 6704 2728
John_Kerry/John_Kerry_0009.jpg 6714 2730
John_Malkovich/John_Malkovich_0001.jpg 6731 2739
John_Manley/John_Manley_0003.jpg 6736 2740
John_Mayer/John_Mayer_0002.jpg 6743 2742
John_McCain/John_McCain_0007.jpg 6751 2743
John_McCallum/John_McCallum_0001.jpg 6752 2744
John_McCormack/John_McCormack_0001.jpg 6754 2745
John_McEnroe/John_McEnroe_0001.jpg 6756 2746
John_Negroponte/John_Negroponte_0021.jpg 6782 2751
John_Paul_II/John_Paul_II_0001.jpg 6796 2755
John_Reid/John_Reid_0001.jpg 6811 2760
John_Reilly/John_Reilly_0001.jpg 6814 2761
John_Rigas/John_Rigas_0002.jpg 6818 2763
John_Rosa/John_Rosa_0002.jpg 6821 2765
John_Rowland/John_Rowland_0002.jpg 6825 2767
John_Ruiz/John_Ruiz_0002.jpg 6827 2768
John_Snow/John_Snow_0002.jpg 6833 2773
John_Spencer/John_Spencer_0002.jpg 6850 2774
John_Stallworth/John_Stallworth_0002.jpg 6852 2775
John_Stockton/John_Stockton_0002.jpg 6855 2777
John_Swofford/John_Swofford_0002.jpg 6862 2780
John_Taylor/John_Taylor_0002.jpg 6865 2781
John_Timoney/John_Timoney_0001.jpg 6867 2783
John_Travolta/John_Travolta_0002.jpg 6870 2784
John_Walsh/John_Walsh_0002.jpg 6879 2787
John_Warner/John_Warner_0001.jpg 6880 2788
John_Wolf/John_Wolf_0001.jpg 6887 2792
Jolanta_Kwasniewski/Jolanta_Kwasniewski_0002.jpg 6891 2794
Jonathan_Edwards/Jonathan_Edwards_0007.jpg 6900 2797
Jonathan_Mostow/Jonathan_Mostow_0001.jpg 6905 2801
Jong_Thae_Hwa/Jong_Thae_Hwa_0002.jpg 6911 2805
Jong_Wook_Lee/Jong_Wook_Lee_0003.jpg 6914 2806
Jon_Corzine/Jon_Corzine_0001.jpg 6917 2808
Jon_Gruden/Jon_Gruden_0003.jpg 6922 2809
Jon_Voight/Jon_Voight_0003.jpg 6931 2812
Jorge_Arce/Jorge_Arce_0001.jpg 6933 2814
Jorge_Batlle/Jorge_Batlle_0002.jpg 6936 2815
Jorge_Castaneda/Jorge_Castaneda_0001.jpg 6938 2816
Jorge_Rodolfo_Canicoba_Corral/Jorge_Rodolfo_Canicoba_Corral_0002.jpg 6945 2821
Jorge_Valdano/Jorge_Valdano_0001.jpg 6946 2822
Joschka_Fischer/Joschka_Fischer_0012.jpg 6960 2824
Joseph_Biden/Joseph_Biden_0003.jpg 6970 2825
Joseph_Blatter/Joseph_Blatter_0001.jpg 6973 2826
Joseph_Deiss/Joseph_Deiss_0002.jpg 6976 2827
Joseph_Estrada/Joseph_Estrada_0001.jpg 6978 2828
Joseph_Ralston/Joseph_Ralston_0001.jpg 6990 2837
Jose_Canseco/Jose_Canseco_0002.jpg 6998 2843
Jose_Dirceu/Jose_Dirceu_0002.jpg 7005 2848
Jose_Manuel_Durao_Barroso/Jose_Manuel_Durao_Barroso_0004.jpg 7016 2856
Jose_Maria_Aznar/Jose_Maria_Aznar_0009.jpg 7027 2857
Jose_Mourinho/Jose_Mourinho_0002.jpg 7044 2859
Jose_Sarney/Jose_Sarney_0001.jpg 7047 2862
Jose_Serra/Jose_Serra_0006.jpg 7055 2863
Jose_Theodore/Jose_Theodore_0001.jpg 7059 2864
Jose_Viegas_Filho/Jose_Viegas_Filho_0002.jpg 7063 2866
Jo_Dee_Messina/Jo_Dee_Messina_0001.jpg 7075 2878
Juanes/Juanes_0001.jpg 7080 2882
Juan_Carlos_Ferrero/Juan_Carlos_Ferrero_0008.jpg 7092 2885
Juan_Ignacio_Chela/Juan_Ignacio_Chela_0002.jpg 7118 2890
Juan_Manuel_Marquez/Juan_Manuel_Marquez_0002.jpg 7122 2892
Juan_Pablo_Montoya/Juan_Pablo_Montoya_0008.jpg 7131 2893
Juan_Valencia_Osorio/Juan_Valencia_Osorio_0001.jpg 7135 2897
Jude_Law/Jude_Law_0001.jpg 7138 2899
Judi_Dench/Judi_Dench_0002.jpg 7142 2901
Judy_Genshaft/Judy_Genshaft_0001.jpg 7145 2904
Juergen_Peters/Juergen_Peters_0001.jpg 7152 2910
Julianna_Margulies/Julianna_Margulies_0001.jpg 7157 2914
Julianne_Moore/Julianne_Moore_0003.jpg 7161 2915
Julia_Tymoshenko/Julia_Tymoshenko_0002.jpg 7183 2920
Julie_Gerberding/Julie_Gerberding_0007.jpg 7196 2926
Julie_Taymor/Julie_Taymor_0002.jpg 7208 2929
Julio_Iglesias_Jr/Julio_Iglesias_Jr_0001.jpg 7212 2933
Junichiro_Koizumi/Junichiro_Koizumi_0016.jpg 7235 2940
Justine_Henin/Justine_Henin_0003.jpg 7284 2943
Justine_Pasek/Justine_Pasek_0001.jpg 7285 2944
Justin_Gatlin/Justin_Gatlin_0001.jpg 7292 2945
Justin_Guarini/Justin_Guarini_0003.jpg 7296 2946
Justin_Leonard/Justin_Leonard_0001.jpg 7297 2947
Justin_Timberlake/Justin_Timberlake_0007.jpg 7308 2949
Kalpana_Chawla/Kalpana_Chawla_0004.jpg 7319 2956
Kamal_Kharrazi/Kamal_Kharrazi_0004.jpg 7324 2957
Karen_Mok/Karen_Mok_0001.jpg 7335 2966
Karin_Stoiber/Karin_Stoiber_0002.jpg 7341 2970
Kate_Capshaw/Kate_Capshaw_0001.jpg 7349 2978
Kate_Hudson/Kate_Hudson_0001.jpg 7351 2979
Kate_Winslet/Kate_Winslet_0002.jpg 7365 2984
Katherine_Harris/Katherine_Harris_0004.jpg 7372 2986
Kathleen_Glynn/Kathleen_Glynn_0002.jpg 7376 2989
Kathleen_Kennedy_Townsend/Kathleen_Kennedy_Townsend_0002.jpg 7378 2990
Kathryn_Bigelow/Kathryn_Bigelow_0001.jpg 7381 2991
Kathy_Winters/Kathy_Winters_0001.jpg 7389 2998
Katie_Harman/Katie_Harman_0003.jpg 7395 3001
Keanu_Reeves/Keanu_Reeves_0008.jpg 7412 3011
Keira_Knightley/Keira_Knightley_0001.jpg 7418 3013
Keith_Bogans/Keith_Bogans_0003.jpg 7423 3015
Kelli_White/Kelli_White_0002.jpg 7440 3031
Kelly_Clarkson/Kelly_Clarkson_0002.jpg 7442 3032
Kelvin_Sampson/Kelvin_Sampson_0001.jpg 7449 3038
Kemal_Dervis/Kemal_Dervis_0001.jpg 7452 3039
Kenneth_Bowersox/Kenneth_Bowersox_0002.jpg 7457 3041
Kenneth_Branagh/Kenneth_Branagh_0002.jpg 7460 3042
Kenneth_Evans/Kenneth_Evans_0001.jpg 7465 3047
Kent_Rominger/Kent_Rominger_0001.jpg 7472 3053
Ken_Macha/Ken_Macha_0001.jpg 7478 3058
Ken_Watanabe/Ken_Watanabe_0001.jpg 7481 3059
Kevin_Costner/Kevin_Costner_0003.jpg 7487 3062
Kevin_Spacey/Kevin_Spacey_0005.jpg 7509 3075
Kevin_Stallings/Kevin_Stallings_0001.jpg 7510 3076
Kieran_Prendergast/Kieran_Prendergast_0001.jpg 7521 3086
Kifah_Ajouri/Kifah_Ajouri_0001.jpg 7523 3087
Kiki_Vandeweghe/Kiki_Vandeweghe_0002.jpg 7526 3088
Kimi_Raikkonen/Kimi_Raikkonen_0002.jpg 7530 3091
Kim_Clijsters/Kim_Clijsters_0003.jpg 7537 3095
Kim_Dae-jung/Kim_Dae-jung_0002.jpg 7550 3096
Kim_Jin-sun/Kim_Jin-sun_0001.jpg 7562 3102
Kim_Jong-Il/Kim_Jong-Il_0003.jpg 7566 3103
Kim_Ryong-sung/Kim_Ryong-sung_0005.jpg 7572 3104
Kim_Yong-il/Kim_Yong-il_0002.jpg 7582 3107
King_Abdullah_II/King_Abdullah_II_0003.jpg 7587 3109
Kirk_Ferentz/Kirk_Ferentz_0002.jpg 7596 3115
Kirk_Johnson/Kirk_Johnson_0002.jpg 7599 3117
Kjell_Magne_Bondevik/Kjell_Magne_Bondevik_0003.jpg 7608 3123
Klaus_Zwickel/Klaus_Zwickel_0001.jpg 7610 3125
Kobe_Bryant/Kobe_Bryant_0001.jpg 7612 3126
Kofi_Annan/Kofi_Annan_0010.jpg 7624 3127
Kosuke_Kitajima/Kosuke_Kitajima_0001.jpg 7653 3134
Kristanna_Loken/Kristanna_Loken_0005.jpg 7660 3136
Kristen_Breitweiser/Kristen_Breitweiser_0003.jpg 7663 3137
Kristin_Davis/Kristin_Davis_0001.jpg 7666 3140
Kurt_Busch/Kurt_Busch_0002.jpg 7675 3146
Kurt_Russell/Kurt_Russell_0001.jpg 7677 3148
Kurt_Warner/Kurt_Warner_0003.jpg 7685 3153
Kwon_Yang-sook/Kwon_Yang-sook_0003.jpg 7692 3156
Laila_Ali/Laila_Ali_0002.jpg 7700 3163
Lana_Clarkson/Lana_Clarkson_0002.jpg 7703 3164
Lance_Armstrong/Lance_Armstrong_0010.jpg 7713 3165
Lance_Bass/Lance_Bass_0005.jpg 7726 3166
Larry_Bowa/Larry_Bowa_0001.jpg 7734 3174
Larry_Brown/Larry_Brown_0007.jpg 7742 3175
Larry_Coker/Larry_Coker_0001.jpg 7744 3177
Larry_Ellison/Larry_Ellison_0001.jpg 7749 3179
Larry_Johnson/Larry_Johnson_0001.jpg 7758 3186
Larry_Lindsey/Larry_Lindsey_0001.jpg 7760 3187
Larry_Lucchino/Larry_Lucchino_0001.jpg 7762 3188
Larry_Thompson/Larry_Thompson_0001.jpg 7769 3194
Lars_Von_Trier/Lars_Von_Trier_0003.jpg 7777 3197
Latrell_Sprewell/Latrell_Sprewell_0001.jpg 7779 3199
Laura_Bush/Laura_Bush_0010.jpg 7791 3201
Laura_Hernandez/Laura_Hernandez_0001.jpg 7826 3205
Laura_Linney/Laura_Linney_0004.jpg 7831 3206
Laurent_Gbagbo/Laurent_Gbagbo_0002.jpg 7842 3216
Laurent_Jalabert/Laurent_Jalabert_0001.jpg 7843 3217
Lauren_Hutton/Lauren_Hutton_0001.jpg 7846 3219
Lauren_Killian/Lauren_Killian_0002.jpg 7849 3220
Lawrence_MacAulay/Lawrence_MacAulay_0002.jpg 7857 3227
Leander_Paes/Leander_Paes_0001.jpg 7862 3232
LeAnn_Rimes/LeAnn_Rimes_0002.jpg 7868 3236
Lea_Fastow/Lea_Fastow_0002.jpg 7870 3237
LeBron_James/LeBron_James_0002.jpg 7872 3238
Lech_Walesa/Lech_Walesa_0001.jpg 7876 3239
Lee_Hoi-chang/Lee_Hoi-chang_0002.jpg 7885 3246
Lee_Jun/Lee_Jun_0002.jpg 7891 3249
Lee_Soo-hyuck/Lee_Soo-hyuck_0001.jpg 7893 3251
Lee_Tae-sik/Lee_Tae-sik_0002.jpg 7897 3252
Leland_Chapman/Leland_Chapman_0001.jpg 7902 3257
Lennox_Lewis/Lennox_Lewis_0001.jpg 7911 3265
Lenny_Wilkens/Lenny_Wilkens_0001.jpg 7915 3267
Len_Jenoff/Len_Jenoff_0001.jpg 7918 3268
Leonardo_DiCaprio/Leonardo_DiCaprio_0001.jpg 7921 3270
Leonard_Hamilton/Leonard_Hamilton_0001.jpg 7932 3273
Leonid_Kuchma/Leonid_Kuchma_0005.jpg 7939 3275
Leon_LaPorte/Leon_LaPorte_0002.jpg 7944 3278
Lesley_McCulloch/Lesley_McCulloch_0001.jpg 7952 3286
Leslie_Ann_Woodward/Leslie_Ann_Woodward_0002.jpg 7956 3287
Leslie_Caldwell/Leslie_Caldwell_0002.jpg 7958 3288
Leslie_Moonves/Leslie_Moonves_0002.jpg 7961 3289
Leszek_Miller/Leszek_Miller_0002.jpg 7965 3292
Liam_Neeson/Liam_Neeson_0002.jpg 7973 3298
Lili_Taylor/Lili_Taylor_0002.jpg 7980 3303
Lily_Tomlin/Lily_Tomlin_0001.jpg 7982 3305
Lim_Dong-won/Lim_Dong-won_0002.jpg 7986 3307
Lina_Krasnoroutskaya/Lina_Krasnoroutskaya_0001.jpg 7987 3308
Lindsay_Benko/Lindsay_Benko_0001.jpg 7998 3318
Lindsay_Davenport/Lindsay_Davenport_0003.jpg 8002 3319
Lindsey_Graham/Lindsey_Graham_0002.jpg 8024 3321
Lino_Oviedo/Lino_Oviedo_0003.jpg 8029 3324
Lionel_Richie/Lionel_Richie_0001.jpg 8035 3330
Lisa_Gottsegen/Lisa_Gottsegen_0001.jpg 8038 3332
Lisa_Ling/Lisa_Ling_0001.jpg 8041 3334
Lisa_Marie_Presley/Lisa_Marie_Presley_0001.jpg 8043 3335
Lisa_Raymond/Lisa_Raymond_0002.jpg 8049 3337
Liu_Mingkang/Liu_Mingkang_0002.jpg 8053 3340
Liza_Minnelli/Liza_Minnelli_0006.jpg 8062 3344
Li_Peng/Li_Peng_0008.jpg 8073 3347
Li_Zhaoxing/Li_Zhaoxing_0003.jpg 8078 3349
LK_Advani/LK_Advani_0001.jpg 8084 3350
Lleyton_Hewitt/Lleyton_Hewitt_0003.jpg 8089 3351
Lloyd_Ward/Lloyd_Ward_0002.jpg 8132 3355
Lon_Kruger/Lon_Kruger_0001.jpg 8136 3359
Lord_Hutton/Lord_Hutton_0001.jpg 8139 3361
Lou_Piniella/Lou_Piniella_0001.jpg 8149 3370
Luciano_Pavarotti/Luciano_Pavarotti_0003.jpg 8160 3377
Lucio_Gutierrez/Lucio_Gutierrez_0013.jpg 8177 3382
Lucy_Liu/Lucy_Liu_0004.jpg 8183 3385
Ludivine_Sagnier/Ludivine_Sagnier_0001.jpg 8186 3387
Luis_Ernesto_Derbez_Bautista/Luis_Ernesto_Derbez_Bautista_0002.jpg 8194 3390
Luis_Figo/Luis_Figo_0002.jpg 8200 3391
Luis_Gonzalez_Macchi/Luis_Gonzalez_Macchi_0002.jpg 8206 3394
Luis_Horna/Luis_Horna_0006.jpg 8216 3396
Luiz_Felipe_Scolari/Luiz_Felipe_Scolari_0001.jpg 8220 3400
Luiz_Inacio_Lula_da_Silva/Luiz_Inacio_Lula_da_Silva_0033.jpg 8254 3401
Luke_Walton/Luke_Walton_0001.jpg 8272 3404
Lyle_Vanclief/Lyle_Vanclief_0001.jpg 8279 3410
Lynne_Cheney/Lynne_Cheney_0003.jpg 8283 3411
Lynn_Abraham/Lynn_Abraham_0002.jpg 8287 3414
Lynn_Redgrave/Lynn_Redgrave_0001.jpg 8288 3415
Mack_Brown/Mack_Brown_0002.jpg 8293 3417
Madeleine_Albright/Madeleine_Albright_0001.jpg 8294 3418
Madonna/Madonna_0003.jpg 8301 3421
Magdalena_Maleeva/Magdalena_Maleeva_0003.jpg 8307 3423
Maggie_Smith/Maggie_Smith_0002.jpg 8311 3426
Magui_Serna/Magui_Serna_0002.jpg 8313 3427
Mahathir_Mohamad/Mahathir_Mohamad_0014.jpg 8327 3428
Mahmoud_Abbas/Mahmoud_Abbas_0013.jpg 8344 3433
Makhdoom_Amin_Fahim/Makhdoom_Amin_Fahim_0003.jpg 8365 3436
Manfred_Stolpe/Manfred_Stolpe_0002.jpg 8376 3446
Manuel_Poggiali/Manuel_Poggiali_0002.jpg 8384 3453
Marat_Safin/Marat_Safin_0001.jpg 8386 3455
Marc-Andre_Fleury/Marc-Andre_Fleury_0001.jpg 8390 3457
Marcelo_Ebrard/Marcelo_Ebrard_0003.jpg 8396 3460
Marcelo_Rios/Marcelo_Rios_0004.jpg 8400 3461
Marcelo_Salas/Marcelo_Salas_0001.jpg 8402 3462
Marco_Antonio_Barrera/Marco_Antonio_Barrera_0005.jpg 8413 3467
Marcus_Gronholm/Marcus_Gronholm_0002.jpg 8421 3473
Marc_Grossman/Marc_Grossman_0003.jpg 8427 3477
Margaret_Thatcher/Margaret_Thatcher_0002.jpg 8437 3485
Mariah_Carey/Mariah_Carey_0006.jpg 8445 3488
Mariana_Pollack/Mariana_Pollack_0001.jpg 8450 3492
Mariangel_Ruiz_Torrealba/Mariangel_Ruiz_Torrealba_0001.jpg 8453 3493
Maria_Luisa_Mendonca/Maria_Luisa_Mendonca_0001.jpg 8465 3503
Maria_Shriver/Maria_Shriver_0007.jpg 8475 3506
Maria_Soledad_Alvear_Valenzuela/Maria_Soledad_Alvear_Valenzuela_0003.jpg 8480 3508
Marie-Reine_Le_Gougne/Marie-Reine_Le_Gougne_0001.jpg 8486 3512
Marieta_Chrousala/Marieta_Chrousala_0003.jpg 8490 3513
Marilyn_Monroe/Marilyn_Monroe_0001.jpg 8492 3515
Marina_Anissina/Marina_Anissina_0001.jpg 8494 3516
Mario_Cipollini/Mario_Cipollini_0001.jpg 8504 3525
Mario_Dumont/Mario_Dumont_0002.jpg 8508 3527
Mario_Kreutzberger/Mario_Kreutzberger_0001.jpg 8511 3530
Marisa_Tomei/Marisa_Tomei_0002.jpg 8518 3535
Marissa_Jaret_Winokur/Marissa_Jaret_Winokur_0001.jpg 8521 3538
Markus_Naslund/Markus_Naslund_0001.jpg 8525 3541
Mark_Cuban/Mark_Cuban_0001.jpg 8531 3546
Mark_Dacey/Mark_Dacey_0002.jpg 8534 3547
Mark_Geragos/Mark_Geragos_0002.jpg 8539 3551
Mark_Gottfried/Mark_Gottfried_0001.jpg 8540 3552
Mark_Hamister/Mark_Hamister_0002.jpg 8544 3553
Mark_Heller/Mark_Heller_0001.jpg 8546 3555
Mark_Hurlbert/Mark_Hurlbert_0005.jpg 8553 3557
Mark_Philippoussis/Mark_Philippoussis_0002.jpg 8564 3567
Mark_Richt/Mark_Richt_0003.jpg 8579 3571
Mark_Schweiker/Mark_Schweiker_0002.jpg 8584 3575
Mark_Wahlberg/Mark_Wahlberg_0003.jpg 8591 3580
Mark_Warner/Mark_Warner_0002.jpg 8594 3581
Marlene_Weingartner/Marlene_Weingartner_0001.jpg 8595 3582
Martha_Beatriz_Roque/Martha_Beatriz_Roque_0002.jpg 8606 3591
Martha_Bowen/Martha_Bowen_0001.jpg 8607 3592
Martha_Burk/Martha_Burk_0002.jpg 8610 3593
Martha_Lucia_Ramirez/Martha_Lucia_Ramirez_0001.jpg 8613 3594
Martha_Stewart/Martha_Stewart_0001.jpg 8620 3598
Martina_Hingis/Martina_Hingis_0002.jpg 8627 3600
Martina_McBride/Martina_McBride_0002.jpg 8630 3601
Martin_Brodeur/Martin_Brodeur_0002.jpg 8637 3604
Martin_Cauchon/Martin_Cauchon_0002.jpg 8641 3607
Martin_Hoellwarth/Martin_Hoellwarth_0001.jpg 8644 3610
Martin_McCauley/Martin_McCauley_0001.jpg 8652 3617
Martin_McGuinness/Martin_McGuinness_0004.jpg 8657 3618
Martin_Scorsese/Martin_Scorsese_0004.jpg 8664 3621
Martin_Sheen/Martin_Sheen_0002.jpg 8669 3622
Martin_Verkerk/Martin_Verkerk_0003.jpg 8674 3625
Marty_Mornhinweg/Marty_Mornhinweg_0002.jpg 8676 3626
Marwan_Barghouthi/Marwan_Barghouthi_0001.jpg 8679 3628
Mary-Kate_Olsen/Mary-Kate_Olsen_0001.jpg 8682 3630
Mary_Carey/Mary_Carey_0003.jpg 8691 3635
Mary_Landrieu/Mary_Landrieu_0002.jpg 8701 3643
Mary_Steenburgen/Mary_Steenburgen_0003.jpg 8711 3650
Mary_Tyler_Moore/Mary_Tyler_Moore_0002.jpg 8714 3652
Masahiko_Nagasawa/Masahiko_Nagasawa_0002.jpg 8717 3654
Masum_Turker/Masum_Turker_0002.jpg 8725 3661
Mathias_Reichhold/Mathias_Reichhold_0003.jpg 8729 3662
Matthew_Broderick/Matthew_Broderick_0001.jpg 8731 3664
Matthew_Perry/Matthew_Perry_0003.jpg 8740 3668
Matt_Damon/Matt_Damon_0001.jpg 8749 3673
Matt_Dillon/Matt_Dillon_0003.jpg 8755 3674
Matt_Doherty/Matt_Doherty_0001.jpg 8756 3675
Maureen_Fanning/Maureen_Fanning_0002.jpg 8768 3684
Max_Mayfield/Max_Mayfield_0001.jpg 8779 3695
Megan_Mullally/Megan_Mullally_0003.jpg 8788 3701
Megawati_Sukarnoputri/Megawati_Sukarnoputri_0033.jpg 8821 3702
Meghann_Shaughnessy/Meghann_Shaughnessy_0001.jpg 8822 3703
Melanie_Griffith/Melanie_Griffith_0002.jpg 8833 3712
Melissa_Etheridge/Melissa_Etheridge_0001.jpg 8839 3717
Mel_Brooks/Mel_Brooks_0001.jpg 8847 3724
Mel_Gibson/Mel_Gibson_0001.jpg 8849 3725
Meryl_Streep/Meryl_Streep_0005.jpg 8857 3728
Mesut_Yilmaz/Mesut_Yilmaz_0001.jpg 8868 3729
Mian_Khursheed_Mehmood_Kasuri/Mian_Khursheed_Mehmood_Kasuri_0003.jpg 8872 3730
Michael_Ballack/Michael_Ballack_0002.jpg 8880 3736
Michael_Bloomberg/Michael_Bloomberg_0018.jpg 8899 3737
Michael_Caine/Michael_Caine_0004.jpg 8910 3743
Michael_Capellas/Michael_Capellas_0001.jpg 8911 3744
Michael_Chang/Michael_Chang_0008.jpg 8920 3745
Michael_Chiklis/Michael_Chiklis_0003.jpg 8924 3747
Michael_Douglas/Michael_Douglas_0004.jpg 8938 3756
Michael_Jackson/Michael_Jackson_0007.jpg 8955 3765
Michael_Jordan/Michael_Jordan_0002.jpg 8963 3767
Michael_J_Sheehan/Michael_J_Sheehan_0002.jpg 8968 3769
Michael_Keaton/Michael_Keaton_0001.jpg 8970 3771
Michael_Kostelnik/Michael_Kostelnik_0001.jpg 8975 3775
Michael_Leavitt/Michael_Leavitt_0002.jpg 8978 3776
Michael_Moore/Michael_Moore_0001.jpg 8985 3783
Michael_Patrick_King/Michael_Patrick_King_0001.jpg 8990 3786
Michael_Phelps/Michael_Phelps_0005.jpg 8998 3789
Michael_Powell/Michael_Powell_0005.jpg 9004 3791
Michael_Schumacher/Michael_Schumacher_0006.jpg 9012 3794
Michael_Sullivan/Michael_Sullivan_0001.jpg 9030 3800
Michael_Winterbottom/Michael_Winterbottom_0001.jpg 9035 3804
Michelle_Branch/Michelle_Branch_0002.jpg 9044 3810
Michelle_Collins/Michelle_Collins_0001.jpg 9046 3812
Michelle_Kwan/Michelle_Kwan_0003.jpg 9051 3814
Michelle_Pfeiffer/Michelle_Pfeiffer_0002.jpg 9059 3816
Michelle_Rodriguez/Michelle_Rodriguez_0001.jpg 9061 3817
Michelle_Yeoh/Michelle_Yeoh_0001.jpg 9063 3818
Michel_Duclos/Michel_Duclos_0001.jpg 9069 3820
Michel_Temer/Michel_Temer_0001.jpg 9073 3823
Michel_Therrien/Michel_Therrien_0001.jpg 9075 3824
Mick_Jagger/Mick_Jagger_0005.jpg 9087 3831
Miguel_Contreras/Miguel_Contreras_0002.jpg 9092 3835
Miguel_Estrada/Miguel_Estrada_0001.jpg 9094 3837
Mike_Babcock/Mike_Babcock_0002.jpg 9103 3844
Mike_Brey/Mike_Brey_0002.jpg 9106 3846
Mike_Helton/Mike_Helton_0001.jpg 9118 3858
Mike_Holmgren/Mike_Holmgren_0001.jpg 9120 3859
Mike_Krzyzewski/Mike_Krzyzewski_0001.jpg 9123 3861
Mike_Martz/Mike_Martz_0006.jpg 9136 3864
Mike_Miller/Mike_Miller_0002.jpg 9141 3867
Mike_Montgomery/Mike_Montgomery_0002.jpg 9143 3868
Mike_Myers/Mike_Myers_0003.jpg 9146 3869
Mike_Price/Mike_Price_0002.jpg 9153 3871
Mike_Scioscia/Mike_Scioscia_0002.jpg 9157 3874
Mike_Tyson/Mike_Tyson_0004.jpg 9169 3883
Mike_Weir/Mike_Weir_0009.jpg 9179 3885
Mikhail_Gorbachev/Mikhail_Gorbachev_0002.jpg 9183 3886
Mikhail_Kasyanov/Mikhail_Kasyanov_0003.jpg 9187 3888
Mikhail_Wehbe/Mikhail_Wehbe_0003.jpg 9193 3891
Mikhail_Youzhny/Mikhail_Youzhny_0001.jpg 9195 3892
Mikulas_Dzurinda/Mikulas_Dzurinda_0001.jpg 9198 3893
Milo_Djukanovic/Milo_Djukanovic_0003.jpg 9207 3899
Milo_Maestrecampo/Milo_Maestrecampo_0002.jpg 9209 3900
Minnie_Driver/Minnie_Driver_0001.jpg 9215 3905
Mireya_Moscoso/Mireya_Moscoso_0004.jpg 9227 3913
Miroljub/Miroljub_0002.jpg 9230 3914
Mitchell_Daniels/Mitchell_Daniels_0003.jpg 9237 3919
Mitoji_Yabunaka/Mitoji_Yabunaka_0002.jpg 9245 3925
Miyako_Miyazaki/Miyako_Miyazaki_0001.jpg 9249 3929
Mohamed_Benaissa/Mohamed_Benaissa_0002.jpg 9254 3932
Mohamed_ElBaradei/Mohamed_ElBaradei_0002.jpg 9256 3933
Mohammad_Khatami/Mohammad_Khatami_0001.jpg 9269 3940
Mohammed_Al-Douri/Mohammed_Al-Douri_0002.jpg 9284 3945
Mohammed_Baqir_al-Hakim/Mohammed_Baqir_al-Hakim_0002.jpg 9301 3948
Monica_Bellucci/Monica_Bellucci_0001.jpg 9312 3958
Monica_Lewinsky/Monica_Lewinsky_0002.jpg 9318 3960
Monica_Seles/Monica_Seles_0006.jpg 9325 3961
Monique_Garbrecht-Enfeldt/Monique_Garbrecht-Enfeldt_0001.jpg 9330 3966
Morgan_Freeman/Morgan_Freeman_0001.jpg 9336 3970
Moshe_Katsav/Moshe_Katsav_0002.jpg 9342 3974
Muammar_Gaddafi/Muammar_Gaddafi_0002.jpg 9350 3979
Muhammad_Ali/Muhammad_Ali_0010.jpg 9362 3982
Muhammad_Saeed_al-Sahhaf/Muhammad_Saeed_al-Sahhaf_0002.jpg 9365 3984
Mukesh_Ambani/Mukesh_Ambani_0001.jpg 9369 3985
Munir_Akram/Munir_Akram_0002.jpg 9374 3987
Nabil_Shaath/Nabil_Shaath_0003.jpg 9379 3990
Nadia_Petrova/Nadia_Petrova_0004.jpg 9384 3992
Nadine_Vinzens/Nadine_Vinzens_0001.jpg 9386 3993
Naji_Sabri/Naji_Sabri_0005.jpg 9393 3995
Nancy_Demme/Nancy_Demme_0001.jpg 9398 3997
Nancy_Pelosi/Nancy_Pelosi_0009.jpg 9411 4001
Nancy_Reagan/Nancy_Reagan_0002.jpg 9420 4003
Nancy_Sinatra/Nancy_Sinatra_0001.jpg 9421 4004
Nanni_Moretti/Nanni_Moretti_0002.jpg 9425 4006
Nan_Wang/Nan_Wang_0004.jpg 9429 4007
Naomi_Campbell/Naomi_Campbell_0001.jpg 9431 4009
Naomi_Watts/Naomi_Watts_0002.jpg 9435 4011
Naoto_Kan/Naoto_Kan_0002.jpg 9457 4012
Nasser_al-Kidwa/Nasser_al-Kidwa_0002.jpg 9463 4015
Nastassia_Kinski/Nastassia_Kinski_0002.jpg 9465 4016
Natalie_Cole/Natalie_Cole_0003.jpg 9473 4022
Natalie_Coughlin/Natalie_Coughlin_0002.jpg 9475 4023
Natalie_Maines/Natalie_Maines_0005.jpg 9486 4026
Natasha_McElhone/Natasha_McElhone_0001.jpg 9494 4034
Nathalie_Baye/Nathalie_Baye_0001.jpg 9501 4039
Nathan_Lane/Nathan_Lane_0002.jpg 9509 4043
Nebojsa_Pavkovic/Nebojsa_Pavkovic_0002.jpg 9516 4049
Nelson_Mandela/Nelson_Mandela_0002.jpg 9521 4053
Neri_Marcore/Neri_Marcore_0002.jpg 9526 4055
Nestor_Kirchner/Nestor_Kirchner_0014.jpg 9541 4057
Nia_Vardalos/Nia_Vardalos_0005.jpg 9573 4062
Nicanor_Duarte_Frutos/Nicanor_Duarte_Frutos_0006.jpg 9579 4063
Nicholas_Byron/Nicholas_Byron_0002.jpg 9586 4064
Nicholas_Tse/Nicholas_Tse_0001.jpg 9587 4065
Nick_Nolte/Nick_Nolte_0002.jpg 9594 4070
Nicolas_Cage/Nicolas_Cage_0002.jpg 9604 4076
Nicolas_Escude/Nicolas_Escude_0002.jpg 9608 4077
Nicolas_Lapentti/Nicolas_Lapentti_0001.jpg 9611 4080
Nicole_Kidman/Nicole_Kidman_0017.jpg 9638 4090
Nikki_Reed/Nikki_Reed_0001.jpg 9646 4096
Noah_Wyle/Noah_Wyle_0001.jpg 9655 4104
Noelle_Bush/Noelle_Bush_0003.jpg 9661 4106
Norah_Jones/Norah_Jones_0001.jpg 9670 4114
Nora_Bendijo/Nora_Bendijo_0001.jpg 9685 4115
Norman_Jewison/Norman_Jewison_0002.jpg 9692 4120
Norm_Coleman/Norm_Coleman_0005.jpg 9699 4123
Norodom_Sihanouk/Norodom_Sihanouk_0001.jpg 9704 4126
Nursultan_Nazarbayev/Nursultan_Nazarbayev_0001.jpg 9709 4129
OJ_Simpson/OJ_Simpson_0002.jpg 9716 4134
Oleksandr_Moroz/Oleksandr_Moroz_0002.jpg 9719 4136
Olesya_Bonabarenko/Olesya_Bonabarenko_0002.jpg 9722 4138
Olivia_Newton-John/Olivia_Newton-John_0001.jpg 9727 4143
Omar_Sharif/Omar_Sharif_0004.jpg 9737 4149
Oprah_Winfrey/Oprah_Winfrey_0004.jpg 9743 4152
Orlando_Bloom/Orlando_Bloom_0002.jpg 9746 4154
Orrin_Hatch/Orrin_Hatch_0001.jpg 9749 4156
Osama_bin_Laden/Osama_bin_Laden_0003.jpg 9754 4158
Oscar_De_La_Hoya/Oscar_De_La_Hoya_0005.jpg 9761 4160
Oscar_Elias_Biscet/Oscar_Elias_Biscet_0001.jpg 9766 4163
Oswaldo_Paya/Oswaldo_Paya_0003.jpg 9772 4166
Owen_Wilson/Owen_Wilson_0002.jpg 9780 4171
Oxana_Fedorova/Oxana_Fedorova_0004.jpg 9784 4172
Ozzy_Osbourne/Ozzy_Osbourne_0001.jpg 9786 4174
Padraig_Harrington/Padraig_Harrington_0003.jpg 9795 4179
Pamela_Anderson/Pamela_Anderson_0002.jpg 9801 4183
Paradorn_Srichaphan/Paradorn_Srichaphan_0006.jpg 9812 4186
Paris_Hilton/Paris_Hilton_0002.jpg 9818 4187
Parris_Glendening/Parris_Glendening_0002.jpg 9823 4191
Pascal_Lamy/Pascal_Lamy_0001.jpg 9826 4194
Pascal_Quignard/Pascal_Quignard_0002.jpg 9829 4195
Patrice_Chereau/Patrice_Chereau_0001.jpg 9832 4197
Patricia_Clarkson/Patricia_Clarkson_0004.jpg 9837 4198
Patricia_Heaton/Patricia_Heaton_0001.jpg 9840 4201
Patrick_Ewing/Patrick_Ewing_0002.jpg 9853 4212
Patrick_Leahy/Patrick_Leahy_0002.jpg 9856 4214
Patrick_McEnroe/Patrick_McEnroe_0002.jpg 9858 4215
Patrick_Roy/Patrick_Roy_0001.jpg 9860 4217
Patrick_Stewart/Patrick_Stewart_0002.jpg 9863 4218
Patti_Labelle/Patti_Labelle_0001.jpg 9869 4224
Patty_Schnyder/Patty_Schnyder_0001.jpg 9875 4228
Pat_Burns/Pat_Burns_0002.jpg 9881 4230
Pat_Cox/Pat_Cox_0002.jpg 9883 4231
Paul-Henri_Mathieu/Paul-Henri_Mathieu_0002.jpg 9891 4238
Paula_Radcliffe/Paula_Radcliffe_0002.jpg 9898 4243
Paula_Zahn/Paula_Zahn_0001.jpg 9903 4244
Paulo_Cesar_Pinheiro/Paulo_Cesar_Pinheiro_0002.jpg 9911 4250
Paul_Bremer/Paul_Bremer_0017.jpg 9930 4253
Paul_Burrell/Paul_Burrell_0002.jpg 9935 4254
Paul_Byrd/Paul_Byrd_0001.jpg 9945 4255
Paul_Coppin/Paul_Coppin_0002.jpg 9951 4259
Paul_Gascoigne/Paul_Gascoigne_0003.jpg 9959 4265
Paul_Hogan/Paul_Hogan_0002.jpg 9963 4268
Paul_Kagame/Paul_Kagame_0001.jpg 9965 4270
Paul_Martin/Paul_Martin_0002.jpg 9976 4279
Paul_McCartney/Paul_McCartney_0005.jpg 9987 4280
Paul_McNulty/Paul_McNulty_0002.jpg 9991 4281
Paul_ONeill/Paul_ONeill_0005.jpg 9999 4285
Paul_Patton/Paul_Patton_0002.jpg 10006 4287
Paul_Pierce/Paul_Pierce_0001.jpg 10007 4288
Paul_Sarbanes/Paul_Sarbanes_0001.jpg 10010 4290
Paul_Shanley/Paul_Shanley_0002.jpg 10015 4292
Paul_Tagliabue/Paul_Tagliabue_0003.jpg 10019 4293
Paul_Wellstone/Paul_Wellstone_0003.jpg 10027 4298
Paul_William_Hurley/Paul_William_Hurley_0002.jpg 10029 4299
Paul_Wolfowitz/Paul_Wolfowitz_0006.jpg 10036 4301
Pedro_Almodovar/Pedro_Almodovar_0003.jpg 10045 4304
Pedro_Malan/Pedro_Malan_0005.jpg 10057 4308
Pedro_Solbes/Pedro_Solbes_0002.jpg 10061 4311
Penelope_Ann_Miller/Penelope_Ann_Miller_0002.jpg 10068 4315
Penelope_Cruz/Penelope_Cruz_0001.jpg 10069 4316
Pervez_Musharraf/Pervez_Musharraf_0005.jpg 10086 4327
Peter_Arnett/Peter_Arnett_0003.jpg 10104 4330
Peter_Bacanovic/Peter_Bacanovic_0001.jpg 10105 4331
Peter_Costello/Peter_Costello_0002.jpg 10112 4336
Peter_Greenaway/Peter_Greenaway_0002.jpg 10120 4343
Peter_Harrison/Peter_Harrison_0001.jpg 10122 4345
Peter_Hillary/Peter_Hillary_0001.jpg 10126 4348
Peter_Struck/Peter_Struck_0005.jpg 10148 4365
Pete_Carroll/Pete_Carroll_0002.jpg 10153 4369
Pete_Rose/Pete_Rose_0001.jpg 10156 4371
Pete_Sampras/Pete_Sampras_0012.jpg 10169 4372
Petria_Thomas/Petria_Thomas_0002.jpg 10181 4373
Petro_Symonenko/Petro_Symonenko_0001.jpg 10183 4374
Phan_Van_Khai/Phan_Van_Khai_0001.jpg 10187 4377
Philippe_Noiret/Philippe_Noiret_0001.jpg 10192 4380
Phil_Gramm/Phil_Gramm_0001.jpg 10206 4393
Phil_Mickelson/Phil_Mickelson_0001.jpg 10211 4397
Phil_Vassar/Phil_Vassar_0001.jpg 10214 4399
Pierce_Brosnan/Pierce_Brosnan_0005.jpg 10222 4402
Pierre_Boulanger/Pierre_Boulanger_0002.jpg 10234 4403
Pierre_Pettigrew/Pierre_Pettigrew_0003.jpg 10239 4406
Placido_Domingo/Placido_Domingo_0002.jpg 10250 4416
Princess_Aiko/Princess_Aiko_0001.jpg 10259 4424
Princess_Anne/Princess_Anne_0002.jpg 10262 4425
Princess_Caroline/Princess_Caroline_0004.jpg 10266 4426
Princess_Elisabeth/Princess_Elisabeth_0002.jpg 10270 4428
Princess_Masako/Princess_Masako_0002.jpg 10273 4430
Prince_Charles/Prince_Charles_0002.jpg 10278 4434
Prince_Claus/Prince_Claus_0001.jpg 10282 4435
Prince_Edward/Prince_Edward_0002.jpg 10287 4436
Prince_Harry/Prince_Harry_0001.jpg 10289 4438
Prince_Naruhito/Prince_Naruhito_0003.jpg 10294 4439
Prince_Willem-Alexander/Prince_Willem-Alexander_0002.jpg 10298 4442
Prince_William/Prince_William_0001.jpg 10300 4443
Priscilla_Owen/Priscilla_Owen_0001.jpg 10303 4445
Priscilla_Presley/Priscilla_Presley_0001.jpg 10305 4446
Pupi_Avati/Pupi_Avati_0002.jpg 10310 4449
Queen_Beatrix/Queen_Beatrix_0002.jpg 10319 4455
Queen_Elizabeth_II/Queen_Elizabeth_II_0001.jpg 10322 4456
Queen_Latifah/Queen_Latifah_0001.jpg 10335 4457
Queen_Rania/Queen_Rania_0003.jpg 10342 4459
Rachel_Griffiths/Rachel_Griffiths_0003.jpg 10355 4468
Rachel_Hunter/Rachel_Hunter_0002.jpg 10357 4469
Rafael_Ramirez/Rafael_Ramirez_0004.jpg 10370 4477
Raghad_Saddam_Hussein/Raghad_Saddam_Hussein_0002.jpg 10377 4483
Rainer_Schuettler/Rainer_Schuettler_0004.jpg 10384 4487
Ralf_Schumacher/Ralf_Schumacher_0003.jpg 10392 4492
Ralph_Firman/Ralph_Firman_0001.jpg 10399 4494
Ralph_Klein/Ralph_Klein_0001.jpg 10403 4497
Ralph_Lauren/Ralph_Lauren_0001.jpg 10405 4498
Ranil_Wickremasinghe/Ranil_Wickremasinghe_0002.jpg 10426 4517
Raoul_Ruiz/Raoul_Ruiz_0002.jpg 10430 4519
Raquel_Welch/Raquel_Welch_0002.jpg 10434 4520
Raymond_Odierno/Raymond_Odierno_0002.jpg 10447 4532
Ray_Allen/Ray_Allen_0001.jpg 10448 4533
Ray_Nagin/Ray_Nagin_0002.jpg 10459 4541
Ray_Romano/Ray_Romano_0004.jpg 10464 4543
Rebecca_Romijn-Stamos/Rebecca_Romijn-Stamos_0002.jpg 10476 4549
Rebekah_Chantay_Revels/Rebekah_Chantay_Revels_0002.jpg 10480 4550
Recep_Tayyip_Erdogan/Recep_Tayyip_Erdogan_0021.jpg 10503 4551
Reese_Witherspoon/Reese_Witherspoon_0003.jpg 10516 4553
Reggie_Miller/Reggie_Miller_0002.jpg 10520 4555
Renee_Zellweger/Renee_Zellweger_0009.jpg 10536 4563
Ricardo_Lagos/Ricardo_Lagos_0010.jpg 10562 4572
Ricardo_Lopez_Murphy/Ricardo_Lopez_Murphy_0002.jpg 10581 4573
Ricardo_Maduro/Ricardo_Maduro_0002.jpg 10583 4574
Ricardo_Monasterio/Ricardo_Monasterio_0001.jpg 10585 4576
Ricardo_Sanchez/Ricardo_Sanchez_0003.jpg 10589 4577
Richard_Armitage/Richard_Armitage_0005.jpg 10598 4579
Richard_Branson/Richard_Branson_0001.jpg 10604 4581
Richard_Butler/Richard_Butler_0002.jpg 10607 4582
Richard_Crenna/Richard_Crenna_0002.jpg 10612 4586
Richard_Gephardt/Richard_Gephardt_0008.jpg 10623 4590
Richard_Gere/Richard_Gere_0009.jpg 10635 4591
Richard_Haass/Richard_Haass_0002.jpg 10639 4593
Richard_Krajicek/Richard_Krajicek_0002.jpg 10646 4599
Richard_Myers/Richard_Myers_0007.jpg 10658 4604
Richard_Norton-Taylor/Richard_Norton-Taylor_0002.jpg 10672 4606
Richard_Sambrook/Richard_Sambrook_0001.jpg 10682 4616
Richard_Shelby/Richard_Shelby_0002.jpg 10685 4617
Richard_Virenque/Richard_Virenque_0004.jpg 10691 4620
Richie_Adubato/Richie_Adubato_0002.jpg 10698 4622
Rich_Gannon/Rich_Gannon_0002.jpg 10701 4624
Ricky_Barnes/Ricky_Barnes_0001.jpg 10702 4625
Ricky_Martin/Ricky_Martin_0001.jpg 10705 4627
Ricky_Ponting/Ricky_Ponting_0002.jpg 10708 4628
Rick_Barnes/Rick_Barnes_0002.jpg 10712 4631
Rick_Carlisle/Rick_Carlisle_0002.jpg 10717 4634
Rick_Dinse/Rick_Dinse_0003.jpg 10723 4636
Rick_Perry/Rick_Perry_0003.jpg 10728 4639
Rick_Pitino/Rick_Pitino_0001.jpg 10732 4640
Rick_Romley/Rick_Romley_0002.jpg 10739 4643
Rick_Santorum/Rick_Santorum_0003.jpg 10743 4644
Rick_Stansbury/Rick_Stansbury_0003.jpg 10746 4645
Rick_Wagoner/Rick_Wagoner_0001.jpg 10747 4646
Rio_Ferdinand/Rio_Ferdinand_0001.jpg 10754 4652
Rita_Grande/Rita_Grande_0003.jpg 10758 4653
Rita_Moreno/Rita_Moreno_0001.jpg 10759 4654
Rita_Wilson/Rita_Wilson_0002.jpg 10762 4655
Robbie_Fowler/Robbie_Fowler_0002.jpg 10767 4657
Robbie_Williams/Robbie_Williams_0002.jpg 10771 4660
Robby_Ginepri/Robby_Ginepri_0001.jpg 10773 4661
Roberto_Benigni/Roberto_Benigni_0002.jpg 10778 4664
Roberto_Carlos/Roberto_Carlos_0004.jpg 10783 4666
Roberto_Marinho/Roberto_Marinho_0001.jpg 10789 4672
Robert_Blackwill/Robert_Blackwill_0001.jpg 10796 4677
Robert_Blake/Robert_Blake_0002.jpg 10799 4678
Robert_Bonner/Robert_Bonner_0003.jpg 10808 4679
Robert_Bullock/Robert_Bullock_0001.jpg 10809 4680
Robert_DeFraites/Robert_DeFraites_0001.jpg 10811 4681
Robert_De_Niro/Robert_De_Niro_0005.jpg 10817 4682
Robert_Duvall/Robert_Duvall_0007.jpg 10828 4686
Robert_Ehrlich/Robert_Ehrlich_0001.jpg 10830 4687
Robert_Evans/Robert_Evans_0003.jpg 10834 4688
Robert_Fico/Robert_Fico_0002.jpg 10836 4689
Robert_Horan/Robert_Horan_0002.jpg 10843 4695
Robert_Kocharian/Robert_Kocharian_0001.jpg 10846 4698
Robert_Mueller/Robert_Mueller_0004.jpg 10860 4705
Robert_Mugabe/Robert_Mugabe_0001.jpg 10862 4706
Robert_Redford/Robert_Redford_0006.jpg 10872 4710
Robert_Stack/Robert_Stack_0002.jpg 10877 4712
Robert_Torricelli/Robert_Torricelli_0003.jpg 10880 4713
Robert_Witt/Robert_Witt_0002.jpg 10888 4720
Robert_Zoellick/Robert_Zoellick_0004.jpg 10893 4722
Robinson_Stevenin/Robinson_Stevenin_0001.jpg 10897 4723
Robin_Cook/Robin_Cook_0001.jpg 10899 4724
Robin_McLaurin_Williams/Robin_McLaurin_Williams_0001.jpg 10903 4727
Rob_Lowe/Rob_Lowe_0001.jpg 10909 4732
Rob_Marshall/Rob_Marshall_0001.jpg 10913 4733
Rob_Schneider/Rob_Schneider_0002.jpg 10924 4738
Rodrigo_Borja/Rodrigo_Borja_0001.jpg 10929 4743
Rod_Blagojevich/Rod_Blagojevich_0002.jpg 10934 4746
Rod_Stewart/Rod_Stewart_0003.jpg 10940 4750
Rogerio_Romero/Rogerio_Romero_0002.jpg 10946 4755
Roger_Clemens/Roger_Clemens_0001.jpg 10947 4756
Roger_Federer/Roger_Federer_0007.jpg 10959 4761
Roger_Moore/Roger_Moore_0003.jpg 10974 4767
Roh_Moo-hyun/Roh_Moo-hyun_0027.jpg 11010 4775
Rolandas_Paksas/Rolandas_Paksas_0002.jpg 11017 4776
Rolf_Eckrodt/Rolf_Eckrodt_0002.jpg 11020 4778
Romano_Prodi/Romano_Prodi_0001.jpg 11024 4782
Roman_Polanski/Roman_Polanski_0005.jpg 11037 4785
Ronaldo_Luis_Nazario_de_Lima/Ronaldo_Luis_Nazario_de_Lima_0003.jpg 11044 4789
Ronald_Reagan/Ronald_Reagan_0001.jpg 11053 4797
Ron_Dittemore/Ron_Dittemore_0002.jpg 11062 4803
Ron_Howard/Ron_Howard_0002.jpg 11071 4805
Roseanne_Barr/Roseanne_Barr_0002.jpg 11080 4813
Rosemarie_Stack/Rosemarie_Stack_0002.jpg 11083 4814
Roy_Jones_Jr/Roy_Jones_Jr_0002.jpg 11094 4824
Roy_Moore/Roy_Moore_0001.jpg 11095 4825
Roy_Williams/Roy_Williams_0001.jpg 11103 4828
Rubens_Barrichello/Rubens_Barrichello_0005.jpg 11112 4830
Ruben_Studdard/Ruben_Studdard_0002.jpg 11122 4832
Rudolph_Giuliani/Rudolph_Giuliani_0024.jpg 11149 4836
Rupert_Grint/Rupert_Grint_0003.jpg 11157 4840
Rupert_Murdoch/Rupert_Murdoch_0001.jpg 11158 4841
Russell_Coutts/Russell_Coutts_0001.jpg 11160 4842
Russell_Crowe/Russell_Crowe_0002.jpg 11163 4843
Russell_Simmons/Russell_Simmons_0002.jpg 11165 4844
Ruth_Dreifuss/Ruth_Dreifuss_0002.jpg 11174 4849
Ruth_Harlow/Ruth_Harlow_0001.jpg 11175 4850
Saburo_Kawabuchi/Saburo_Kawabuchi_0001.jpg 11186 4860
Sachiko_Yamada/Sachiko_Yamada_0001.jpg 11188 4861
Saddam_Hussein/Saddam_Hussein_0005.jpg 11199 4865
Sadie_Frost/Sadie_Frost_0001.jpg 11218 4866
Saeb_Erekat/Saeb_Erekat_0001.jpg 11221 4867
Sally_Field/Sally_Field_0002.jpg 11229 4873
Sally_Kirkland/Sally_Kirkland_0001.jpg 11232 4874
Sally_Ride/Sally_Ride_0001.jpg 11236 4875
Salman_Rushdie/Salman_Rushdie_0001.jpg 11239 4877
Salma_Hayek/Salma_Hayek_0003.jpg 11244 4878
Samira_Makhmalbaf/Samira_Makhmalbaf_0002.jpg 11259 4882
Sammy_Sosa/Sammy_Sosa_0001.jpg 11262 4885
Samuel_Waksal/Samuel_Waksal_0004.jpg 11267 4886
Sam_Bith/Sam_Bith_0003.jpg 11270 4887
Sam_Mendes/Sam_Mendes_0002.jpg 11274 4890
Sam_Torrance/Sam_Torrance_0003.jpg 11278 4892
Sandra_Bullock/Sandra_Bullock_0001.jpg 11281 4895
Saparmurat_Niyazov/Saparmurat_Niyazov_0001.jpg 11297 4908
Sarah_Hughes/Sarah_Hughes_0005.jpg 11304 4910
Sarah_Jessica_Parker/Sarah_Jessica_Parker_0002.jpg 11307 4911
Sarah_Michelle_Gellar/Sarah_Michelle_Gellar_0002.jpg 11313 4912
Scott_McClellan/Scott_McClellan_0003.jpg 11334 4930
Scott_McNealy/Scott_McNealy_0001.jpg 11337 4931
Scott_Peterson/Scott_Peterson_0004.jpg 11343 4933
Scott_Ritter/Scott_Ritter_0002.jpg 11346 4934
Scott_Rudin/Scott_Rudin_0002.jpg 11349 4936
Scott_Sullivan/Scott_Sullivan_0002.jpg 11351 4937
Scott_Wolf/Scott_Wolf_0002.jpg 11357 4942
Sean_Astin/Sean_Astin_0002.jpg 11360 4944
Sean_Hayes/Sean_Hayes_0002.jpg 11364 4946
Sean_OKeefe/Sean_OKeefe_0004.jpg 11368 4947
Sean_Patrick_OMalley/Sean_Patrick_OMalley_0003.jpg 11372 4948
Sean_Penn/Sean_Penn_0001.jpg 11374 4950
Sebastian_Saja/Sebastian_Saja_0003.jpg 11382 4954
Sebastien_Grosjean/Sebastien_Grosjean_0002.jpg 11384 4955
Sepp_Blatter/Sepp_Blatter_0002.jpg 11390 4958
Serena_Williams/Serena_Williams_0039.jpg 11432 4960
Sergei_Ivanov/Sergei_Ivanov_0004.jpg 11451 4963
Sergey_Lavrov/Sergey_Lavrov_0007.jpg 11461 4966
Sergio_Garcia/Sergio_Garcia_0002.jpg 11471 4971
Sergio_Vieira_De_Mello/Sergio_Vieira_De_Mello_0003.jpg 11474 4972
Shane_Mosley/Shane_Mosley_0002.jpg 11494 4983
Shane_Warne/Shane_Warne_0001.jpg 11497 4986
Shannon_OBrien/Shannon_OBrien_0001.jpg 11501 4989
Sharon_Davis/Sharon_Davis_0001.jpg 11505 4992
Sharon_Frey/Sharon_Frey_0002.jpg 11508 4993
Sharon_Osbourne/Sharon_Osbourne_0003.jpg 11511 4994
Sharon_Stone/Sharon_Stone_0001.jpg 11513 4996
Shaukat_Aziz/Shaukat_Aziz_0002.jpg 11519 4997
Shaul_Mofaz/Shaul_Mofaz_0001.jpg 11520 4998
Sheila_Copps/Sheila_Copps_0003.jpg 11532 5006
Sheila_Fraser/Sheila_Fraser_0001.jpg 11534 5007
Sheila_Wellstone/Sheila_Wellstone_0001.jpg 11537 5009
Sheryl_Crow/Sheryl_Crow_0006.jpg 11548 5014
Shia_LaBeouf/Shia_LaBeouf_0001.jpg 11551 5015
Shimon_Peres/Shimon_Peres_0005.jpg 11559 5018
Sila_Calderon/Sila_Calderon_0001.jpg 11577 5033
Silvan_Shalom/Silvan_Shalom_0001.jpg 11581 5034
Silvia_Farina_Elia/Silvia_Farina_Elia_0001.jpg 11587 5035
Silvio_Berlusconi/Silvio_Berlusconi_0016.jpg 11606 5037
Silvio_Fernandez/Silvio_Fernandez_0002.jpg 11625 5038
Simon_Cowell/Simon_Cowell_0002.jpg 11629 5041
Slobodan_Milosevic/Slobodan_Milosevic_0003.jpg 11639 5049
Sonia_Gandhi/Sonia_Gandhi_0003.jpg 11649 5056
Sophia_Loren/Sophia_Loren_0001.jpg 11655 5061
Sourav_Ganguly/Sourav_Ganguly_0004.jpg 11666 5063
Spencer_Abraham/Spencer_Abraham_0017.jpg 11684 5064
Stacy_Dragila/Stacy_Dragila_0001.jpg 11691 5071
Stanley_McChrystal/Stanley_McChrystal_0001.jpg 11696 5075
Stanley_Tong/Stanley_Tong_0002.jpg 11701 5077
Stan_Heath/Stan_Heath_0001.jpg 11702 5078
Stefano_Accorsi/Stefano_Accorsi_0001.jpg 11708 5083
Steffi_Graf/Steffi_Graf_0003.jpg 11718 5090
Stellan_Skarsgard/Stellan_Skarsgard_0001.jpg 11721 5091
Stephen_Ambrose/Stephen_Ambrose_0001.jpg 11735 5104
Stephen_Daldry/Stephen_Daldry_0001.jpg 11741 5109
Stephen_Friedman/Stephen_Friedman_0001.jpg 11745 5112
Steven_Hatfill/Steven_Hatfill_0002.jpg 11764 5129
Steven_Seagal/Steven_Seagal_0001.jpg 11766 5131
Steven_Spielberg/Steven_Spielberg_0001.jpg 11768 5132
Steve_Backley/Steve_Backley_0001.jpg 11782 5140
Steve_Ballmer/Steve_Ballmer_0001.jpg 11784 5141
Steve_Lavin/Steve_Lavin_0001.jpg 11798 5153
Steve_Mariucci/Steve_Mariucci_0001.jpg 11805 5155
Steve_Nash/Steve_Nash_0002.jpg 11810 5157
Steve_Park/Steve_Park_0002.jpg 11817 5160
Steve_Spurrier/Steve_Spurrier_0002.jpg 11825 5167
Steve_Waugh/Steve_Waugh_0001.jpg 11829 5171
Stockard_Channing/Stockard_Channing_0003.jpg 11835 5174
Strom_Thurmond/Strom_Thurmond_0002.jpg 11837 5175
Sue_Wicks/Sue_Wicks_0001.jpg 11846 5183
Surakait_Sathirathai/Surakait_Sathirathai_0001.jpg 11855 5191
Susan_Collins/Susan_Collins_0002.jpg 11860 5194
Susan_Sarandon/Susan_Sarandon_0005.jpg 11865 5195
Susie_Castillo/Susie_Castillo_0002.jpg 11871 5199
Susilo_Bambang_Yudhoyono/Susilo_Bambang_Yudhoyono_0001.jpg 11872 5200
Suzanne_Gaudet/Suzanne_Gaudet_0002.jpg 11878 5202
Svetlana_Koroleva/Svetlana_Koroleva_0001.jpg 11890 5214
Sylvester_Stallone/Sylvester_Stallone_0009.jpg 11904 5219
S_Jayakumar/S_Jayakumar_0002.jpg 11909 5223
Taha_Yassin_Ramadan/Taha_Yassin_Ramadan_0010.jpg 11922 5227
Takashi_Sorimachi/Takashi_Sorimachi_0002.jpg 11932 5231
Tamara_Brooks/Tamara_Brooks_0001.jpg 11944 5243
Tammy_Lynn_Michaels/Tammy_Lynn_Michaels_0002.jpg 11951 5248
Tang_Jiaxuan/Tang_Jiaxuan_0010.jpg 11962 5250
Tariq_Aziz/Tariq_Aziz_0006.jpg 11976 5258
Tassos_Papadopoulos/Tassos_Papadopoulos_0003.jpg 11979 5259
Taufik_Hidayat/Taufik_Hidayat_0002.jpg 11989 5268
Ted_Maher/Ted_Maher_0001.jpg 12001 5279
Terje_Roed-Larsen/Terje_Roed-Larsen_0001.jpg 12015 5292
Terrell_Suggs/Terrell_Suggs_0002.jpg 12018 5293
Terry_McAuliffe/Terry_McAuliffe_0001.jpg 12026 5301
Terry_Stotts/Terry_Stotts_0001.jpg 12030 5303
Thabo_Mbeki/Thabo_Mbeki_0001.jpg 12036 5308
Thaksin_Shinawatra/Thaksin_Shinawatra_0004.jpg 12045 5310
Theodore_Tweed_Roosevelt/Theodore_Tweed_Roosevelt_0001.jpg 12050 5313
Theo_Epstein/Theo_Epstein_0002.jpg 12055 5315
Theresa_May/Theresa_May_0001.jpg 12057 5317
Thierry_Falise/Thierry_Falise_0003.jpg 12062 5318
Thomas_Birmingham/Thomas_Birmingham_0002.jpg 12065 5320
Thomas_Bjorn/Thomas_Bjorn_0002.jpg 12067 5321
Thomas_Fargo/Thomas_Fargo_0004.jpg 12075 5326
Thomas_Malchow/Thomas_Malchow_0002.jpg 12083 5333
Thomas_OBrien/Thomas_OBrien_0004.jpg 12089 5336
Thomas_Rupprath/Thomas_Rupprath_0002.jpg 12096 5337
Thomas_Wyman/Thomas_Wyman_0002.jpg 12106 5345
Tiger_Woods/Tiger_Woods_0015.jpg 12127 5352
Tim_Allen/Tim_Allen_0003.jpg 12144 5359
Tim_Chapman/Tim_Chapman_0001.jpg 12147 5361
Tim_Conway/Tim_Conway_0001.jpg 12149 5362
Tim_Curry/Tim_Curry_0001.jpg 12153 5364
Tim_Duncan/Tim_Duncan_0003.jpg 12157 5365
Tim_Floyd/Tim_Floyd_0002.jpg 12160 5366
Tim_Henman/Tim_Henman_0007.jpg 12167 5367
Tim_Robbins/Tim_Robbins_0001.jpg 12187 5375
Tippi_Hedren/Tippi_Hedren_0001.jpg 12201 5385
Todd_Haynes/Todd_Haynes_0002.jpg 12208 5390
Tommy_Franks/Tommy_Franks_0014.jpg 12233 5400
Tommy_Haas/Tommy_Haas_0005.jpg 12240 5401
Tommy_Robredo/Tommy_Robredo_0002.jpg 12246 5405
Tommy_Thompson/Tommy_Thompson_0006.jpg 12254 5407
Tomoko_Hagiwara/Tomoko_Hagiwara_0001.jpg 12260 5409
Tom_Brady/Tom_Brady_0002.jpg 12265 5412
Tom_Coverdale/Tom_Coverdale_0001.jpg 12269 5416
Tom_Craddick/Tom_Craddick_0004.jpg 12274 5417
Tom_Crean/Tom_Crean_0002.jpg 12276 5418
Tom_Cruise/Tom_Cruise_0010.jpg 12289 5419
Tom_Daschle/Tom_Daschle_0006.jpg 12296 5421
Tom_Glavine/Tom_Glavine_0001.jpg 12319 5425
Tom_Hanks/Tom_Hanks_0002.jpg 12322 5426
Tom_Harkin/Tom_Harkin_0003.jpg 12334 5428
Tom_Jones/Tom_Jones_0002.jpg 12339 5430
Tom_Reilly/Tom_Reilly_0002.jpg 12350 5440
Tom_Ridge/Tom_Ridge_0016.jpg 12367 5441
Tom_Watson/Tom_Watson_0001.jpg 12392 5449
Toni_Braxton/Toni_Braxton_0001.jpg 12398 5453
Tony_Bennett/Tony_Bennett_0002.jpg 12405 5457
Tony_Blair/Tony_Blair_0015.jpg 12422 5458
Tony_Curtis/Tony_Curtis_0001.jpg 12554 5461
Tony_Parker/Tony_Parker_0002.jpg 12560 5465
Tony_Shalhoub/Tony_Shalhoub_0004.jpg 12564 5466
Tony_Stewart/Tony_Stewart_0001.jpg 12565 5467
Torri_Edwards/Torri_Edwards_0001.jpg 12573 5470
Toshihiko_Fukui/Toshihiko_Fukui_0001.jpg 12575 5471
Tracee_Ellis_Ross/Tracee_Ellis_Ross_0002.jpg 12582 5475
Tracy_McGrady/Tracy_McGrady_0001.jpg 12584 5477
Trent_Lott/Trent_Lott_0002.jpg 12589 5480
Tsutomu_Takebe/Tsutomu_Takebe_0002.jpg 12616 5492
Tubby_Smith/Tubby_Smith_0002.jpg 12618 5493
Tung_Chee-hwa/Tung_Chee-hwa_0001.jpg 12621 5495
Tyler_Hamilton/Tyler_Hamilton_0002.jpg 12634 5499
Tyra_Banks/Tyra_Banks_0002.jpg 12636 5500
Tyron_Garner/Tyron_Garner_0001.jpg 12638 5502
Uma_Thurman/Uma_Thurman_0002.jpg 12646 5508
Vaclav_Havel/Vaclav_Havel_0006.jpg 12658 5514
Vaclav_Klaus/Vaclav_Klaus_0002.jpg 12663 5515
Valdas_Adamkus/Valdas_Adamkus_0001.jpg 12667 5519
Valentino_Rossi/Valentino_Rossi_0003.jpg 12673 5522
Valerie_Harper/Valerie_Harper_0002.jpg 12678 5523
Valery_Giscard_dEstaing/Valery_Giscard_dEstaing_0002.jpg 12682 5526
Vanessa_Incontrada/Vanessa_Incontrada_0001.jpg 12689 5529
Vanessa_Redgrave/Vanessa_Redgrave_0002.jpg 12695 5531
Vanessa_Williams/Vanessa_Williams_0002.jpg 12700 5532
Venus_Williams/Venus_Williams_0007.jpg 12711 5536
Vicente_Fernandez/Vicente_Fernandez_0002.jpg 12726 5540
Vicente_Fox/Vicente_Fox_0018.jpg 12747 5541
Vicki_Zhao_Wei/Vicki_Zhao_Wei_0001.jpg 12763 5543
Victoria_Beckham/Victoria_Beckham_0001.jpg 12765 5544
Victoria_Clarke/Victoria_Clarke_0005.jpg 12772 5545
Vidar_Helgesen/Vidar_Helgesen_0002.jpg 12777 5549
Vincent_Brooks/Vincent_Brooks_0003.jpg 12782 5552
Vincent_Gallo/Vincent_Gallo_0003.jpg 12790 5554
Vince_Carter/Vince_Carter_0001.jpg 12793 5557
Vince_Gill/Vince_Gill_0002.jpg 12799 5559
Vin_Diesel/Vin_Diesel_0002.jpg 12803 5562
Vitali_Klitschko/Vitali_Klitschko_0003.jpg 12808 5565
Vivica_Fox/Vivica_Fox_0002.jpg 12811 5566
Vladimiro_Montesinos/Vladimiro_Montesinos_0003.jpg 12814 5567
Vladimir_Putin/Vladimir_Putin_0029.jpg 12845 5570
Vladimir_Spidla/Vladimir_Spidla_0003.jpg 12868 5571
Vladimir_Voltchkov/Vladimir_Voltchkov_0001.jpg 12870 5573
Vojislav_Kostunica/Vojislav_Kostunica_0001.jpg 12872 5574
Walter_Mondale/Walter_Mondale_0002.jpg 12887 5582
Wang_Yi/Wang_Yi_0001.jpg 12903 5590
Wang_Yingfan/Wang_Yingfan_0002.jpg 12906 5591
Warren_Beatty/Warren_Beatty_0002.jpg 12911 5594
Warren_Buffett/Warren_Buffett_0002.jpg 12913 5595
Wayne_Ferreira/Wayne_Ferreira_0004.jpg 12922 5600
Wayne_Gretzky/Wayne_Gretzky_0004.jpg 12927 5601
Wen_Jiabao/Wen_Jiabao_0002.jpg 12935 5608
Wesley_Clark/Wesley_Clark_0002.jpg 12949 5610
William_Bratton/William_Bratton_0001.jpg 12955 5616
William_Bulger/William_Bulger_0001.jpg 12958 5617
William_Burns/William_Burns_0001.jpg 12962 5618
William_Donaldson/William_Donaldson_0006.jpg 12971 5621
William_Ford_Jr/William_Ford_Jr_0004.jpg 12976 5622
William_Hochul/William_Hochul_0001.jpg 12982 5625
William_Macy/William_Macy_0005.jpg 12992 5630
William_Martin/William_Martin_0002.jpg 12994 5631
William_Rehnquist/William_Rehnquist_0002.jpg 13004 5640
Will_Smith/Will_Smith_0001.jpg 13016 5652
Winona_Ryder/Winona_Ryder_0006.jpg 13028 5658
Win_Aung/Win_Aung_0001.jpg 13048 5660
Wolfgang_Schuessel/Wolfgang_Schuessel_0002.jpg 13056 5664
Woody_Allen/Woody_Allen_0003.jpg 13063 5667
Wu_Yi/Wu_Yi_0003.jpg 13069 5669
Xanana_Gusmao/Xanana_Gusmao_0003.jpg 13073 5671
Xavier_Malisse/Xavier_Malisse_0005.jpg 13080 5672
Yann_Martel/Yann_Martel_0002.jpg 13092 5683
Yao_Ming/Yao_Ming_0003.jpg 13095 5684
Yasar_Yakis/Yasar_Yakis_0001.jpg 13101 5685
Yashwant_Sinha/Yashwant_Sinha_0007.jpg 13112 5687
Yasser_Arafat/Yasser_Arafat_0003.jpg 13115 5688
Yevgeny_Kafelnikov/Yevgeny_Kafelnikov_0001.jpg 13124 5692
Yoko_Ono/Yoko_Ono_0004.jpg 13135 5697
Yoriko_Kawaguchi/Yoriko_Kawaguchi_0012.jpg 13155 5704
Yossi_Beilin/Yossi_Beilin_0002.jpg 13161 5707
Yukiko_Okudo/Yukiko_Okudo_0001.jpg 13163 5709
Yuri_Fedotov/Yuri_Fedotov_0001.jpg 13166 5711
Yuri_Malenchenko/Yuri_Malenchenko_0001.jpg 13169 5713
Yu_Shyi-kun/Yu_Shyi-kun_0002.jpg 13175 5717
Zafarullah_Khan_Jamali/Zafarullah_Khan_Jamali_0001.jpg 13182 5722
Zarai_Toledo/Zarai_Toledo_0001.jpg 13188 5727
Zhang_Wenkang/Zhang_Wenkang_0002.jpg 13197 5734
Zhang_Ziyi/Zhang_Ziyi_0001.jpg 13199 5736
Zhu_Rongji/Zhu_Rongji_0006.jpg 13209 5738
Zico/Zico_0003.jpg 13215 5739
Zinedine_Zidane/Zinedine_Zidane_0002.jpg 13217 5740
Zoran_Djindjic/Zoran_Djindjic_0004.jpg 13227 5743
